decision_id,sim_time_delivery,item_index,order_number,destination,priority,deadline,arrival_time,tct,twt_real
2,19.1,19,445,1,1,30.0,0.0,19.1,0.0
3,23.12,7,110,1,1,30.0,0.0,23.12,0.0
3,23.12,18,141,1,2,60.0,0.0,23.12,0.0
3,23.12,23,4,1,1,30.0,0.0,23.12,0.0
3,23.12,4,29,3,1,30.0,0.0,23.12,0.0
3,23.12,10,35,3,1,30.0,0.0,23.12,0.0
3,23.12,11,29,3,1,30.0,0.0,23.12,0.0
3,23.12,16,88,3,3,120.0,0.0,23.12,0.0
7,41.32,2,100,2,2,60.0,0.0,41.32,0.0
7,41.32,5,89,2,2,60.0,0.0,41.32,0.0
7,41.32,14,48,2,2,60.0,0.0,41.32,0.0
7,41.32,15,45,2,2,60.0,0.0,41.32,0.0
7,41.32,22,25,2,2,60.0,0.0,41.32,0.0
7,41.32,17,58,2,2,60.0,0.0,41.32,0.0
8,45.33,12,85,3,2,60.0,0.0,45.33,0.0
8,45.33,13,21,3,2,60.0,0.0,45.33,0.0
8,45.33,24,73,3,2,60.0,12.02,33.31,0.0
8,47.35,0,20,2,2,60.0,0.0,47.35,0.0
8,47.35,8,30,2,2,60.0,0.0,47.35,0.0
16,67.46,26,24,2,2,60.0,35.63,31.83,0.0
16,67.46,29,45,2,2,60.0,44.72,22.74,0.0
16,67.46,30,47,2,2,60.0,51.77,15.69,0.0
17,72.5,9,53,2,2,60.0,0.0,72.5,25.0
17,72.5,20,55,2,2,60.0,0.0,72.5,25.0
17,72.5,3,46,2,1,30.0,0.0,72.5,127.5
17,72.5,27,80,2,2,60.0,37.02,35.48,0.0
17,72.5,28,16,2,1,30.0,37.46,35.04,15.13
18,79.53,31,104,2,2,60.0,67.39,12.14,0.0
23,95.6,34,10,3,1,30.0,73.37,22.22,0.0
24,100.65,36,34,2,2,60.0,87.47,13.17,0.0
26,106.7,1,45,1,2,60.0,0.0,106.7,93.4
26,106.7,6,21,1,2,60.0,0.0,106.7,93.4
26,106.7,21,100,1,3,120.0,0.0,106.7,0.0
26,106.7,25,11,1,2,60.0,23.7,83.0,46.0
26,106.7,37,23,1,1,30.0,89.41,17.29,0.0
33,117.78,39,184,3,2,60.0,96.34,21.45,0.0
37,120.8,32,79,2,2,60.0,67.79,53.01,0.0
37,120.8,33,65,2,2,60.0,73.02,47.78,0.0
37,120.8,35,92,2,2,60.0,78.82,41.98,0.0
37,120.8,42,90,2,2,60.0,102.88,17.92,0.0
36,125.86,38,55,2,2,60.0,95.57,30.29,0.0
36,125.86,41,61,2,2,60.0,98.37,27.49,0.0
36,125.86,45,184,2,2,60.0,112.3,13.56,0.0
37,127.88,40,121,3,2,60.0,96.79,31.08,0.0
40,131.88,43,18,1,1,30.0,104.94,26.94,0.0
40,131.88,44,13,1,1,30.0,111.18,20.7,0.0
42,144.98,46,59,3,2,60.0,121.49,23.49,0.0
42,144.98,47,87,3,1,30.0,127.62,17.36,0.0
45,150.01,48,76,1,1,30.0,130.9,19.11,0.0
45,150.01,50,79,1,1,30.0,135.25,14.75,0.0
45,150.01,51,74,1,1,30.0,135.64,14.37,0.0
49,155.04,54,37,1,1,30.0,141.91,13.14,0.0
49,155.04,52,132,1,1,30.0,136.54,18.51,0.0
56,169.16,55,3,1,2,60.0,148.23,20.94,0.0
57,171.18,56,105,1,1,30.0,151.77,19.41,0.0
65,193.25,59,45,3,2,60.0,158.47,34.77,0.0
65,193.25,53,13,1,1,30.0,139.96,53.28,69.85
65,195.26,49,64,2,2,60.0,132.99,62.28,4.55
65,195.26,58,17,2,2,60.0,155.26,40.0,0.0
65,195.26,57,19,2,2,60.0,152.96,42.3,0.0
65,195.26,60,41,2,2,60.0,160.19,35.07,0.0
65,195.26,64,52,2,2,60.0,174.35,20.91,0.0
65,195.26,65,52,2,2,60.0,181.3,13.96,0.0
70,215.39,61,14,3,2,60.0,161.8,53.59,0.0
76,225.42,67,68,2,2,60.0,187.09,38.34,0.0
76,225.42,71,45,2,2,60.0,206.54,18.88,0.0
76,225.42,72,22,2,1,30.0,208.15,17.28,0.0
79,229.44,70,129,1,1,30.0,205.14,24.3,0.0
79,229.44,73,17,1,1,30.0,208.97,20.46,0.0
79,229.44,75,18,1,1,30.0,210.85,18.59,0.0
79,237.45,66,445,2,1,30.0,186.72,50.73,62.19
79,237.45,68,55,2,2,60.0,192.76,44.69,0.0
79,237.45,69,27,2,2,60.0,199.53,37.92,0.0
79,237.45,76,59,2,3,120.0,211.69,25.76,0.0
79,237.45,77,58,2,2,60.0,218.26,19.19,0.0
81,241.49,74,24,3,1,30.0,210.75,30.75,2.24
80,244.5,62,40,2,2,60.0,166.2,78.31,36.62
80,244.5,63,119,2,2,60.0,167.68,76.82,33.65
87,256.57,79,79,1,2,60.0,241.06,15.51,0.0
87,256.57,80,91,1,1,30.0,242.48,14.09,0.0
91,260.61,78,79,2,2,60.0,238.24,22.37,0.0
91,260.61,81,62,2,2,60.0,244.47,16.14,0.0
94,264.63,82,134,3,2,60.0,246.28,18.35,0.0
91,268.65,83,80,2,2,60.0,246.92,21.73,0.0
91,268.65,84,22,2,2,60.0,252.34,16.31,0.0
99,290.71,86,107,2,2,60.0,266.76,23.95,0.0
102,294.79,85,79,1,1,30.0,259.22,35.57,16.71
104,306.86,87,53,2,2,60.0,293.31,13.55,0.0
108,316.94,88,55,3,1,30.0,303.84,13.1,0.0
115,333.01,89,17,1,1,30.0,312.07,20.95,0.0
115,333.01,91,84,1,1,30.0,320.25,12.77,0.0
119,336.02,90,46,3,2,60.0,317.28,18.74,0.0
119,336.02,92,29,3,1,30.0,320.47,15.56,0.0
122,356.1,95,72,3,1,30.0,335.9,20.21,0.0
126,360.12,93,93,2,2,60.0,325.25,34.87,0.0
127,364.16,94,10,1,1,30.0,328.36,35.8,17.4
127,364.16,96,105,1,2,60.0,346.04,18.12,0.0
125,365.17,98,66,2,1,30.0,347.95,17.22,0.0
125,365.17,99,12,2,2,60.0,352.57,12.6,0.0
133,384.24,97,9,3,1,30.0,347.7,36.54,19.63
133,384.24,101,134,3,2,60.0,369.44,14.8,0.0
138,400.32,103,28,1,1,30.0,383.86,16.46,0.0
141,404.36,107,19,1,1,30.0,393.26,11.1,0.0
142,404.36,102,99,2,2,60.0,380.1,24.26,0.0
142,404.36,104,86,2,2,60.0,390.43,13.92,0.0
144,407.39,105,100,3,3,120.0,391.88,15.51,0.0
144,407.39,108,100,3,3,120.0,393.85,13.54,0.0
145,417.44,109,47,2,2,60.0,394.12,23.32,0.0
145,417.44,110,100,2,3,120.0,402.71,14.73,0.0
155,441.58,113,81,1,2,60.0,411.56,30.02,0.0
155,441.58,117,5,1,1,30.0,430.19,11.39,0.0
159,445.6,114,13,2,2,60.0,412.49,33.1,0.0
159,445.6,115,60,2,2,60.0,422.08,23.51,0.0
159,445.6,112,40,2,2,60.0,406.88,38.72,0.0
159,445.6,116,92,2,2,60.0,428.54,17.05,0.0
162,461.66,100,64,1,2,60.0,365.34,96.32,72.64
162,461.66,106,111,1,1,30.0,392.55,69.11,117.32
162,461.66,111,272,1,1,30.0,404.95,56.71,80.12
164,464.67,118,32,2,2,60.0,431.19,33.48,0.0
171,505.84,119,115,3,1,30.0,433.85,71.99,125.98
