decision_id,sim_time_end,robot_id,node,delivered_items_indices,delivered_count,remaining_in_batch,makespan,twt,robot_starts,robot_batteries
2,19.098649096488952,1,1,[19],1,119,8108.963396612728,8084.72,"[0, 1, 0]","[187.69, 156.23, 128.53]"
3,23.123781196276347,0,1,"[7, 18, 23]",3,116,6960.229884228345,6975.41128442158,"[1, 1, 0]","[187.69, 147.71, 128.53]"
3,23.123781196276347,2,3,"[4, 10, 11, 16]",4,112,6960.229884228345,6975.41128442158,"[1, 1, 3]","[187.69, 147.71, 128.53]"
7,41.31542071898778,1,2,"[2, 5, 14, 15, 22, 17]",6,106,3489.0645070558553,3527.060182047001,"[0, 2, 0]","[170.89, 137.37, 109.22]"
8,45.33460662762324,0,3,"[12, 13, 24]",3,103,33.40368286757035,69.41316095111499,"[3, 2, 0]","[170.89, 126.22, 109.22]"
8,47.35306682984034,2,2,"[0, 8]",2,101,33.09410621123268,131.3405067621314,"[3, 2, 2]","[161.35, 126.22, 109.22]"
16,67.4592061360677,1,2,"[26, 29, 30]",3,98,22.221994750505683,180.52006826049694,"[0, 2, 0]","[153.8, 115.49, 104.21]"
17,72.50139048099518,0,2,"[9, 20, 3, 27, 28]",5,93,22.01667858858484,330.48794378819804,"[2, 2, 0]","[153.8, 104.48, 94.22]"
18,79.53270333210628,2,2,[31],1,92,34.9639705759251,90.7802215609405,"[2, 0, 2]","[142.27, 104.53, 94.22]"
23,95.59525066216789,1,3,[34],1,91,21.65141712242699,143.06944028779932,"[0, 3, 0]","[133.44, 100.5, 85.92]"
24,100.64699027935666,0,2,[36],1,90,32.10236779163434,239.04030599597274,"[2, 3, 0]","[133.44, 91.24, 79.21]"
26,106.7011119604111,2,1,"[1, 6, 21, 25, 37]",5,85,29.84132873148627,274.9338307777973,"[2, 3, 1]","[121.81, 91.24, 79.21]"
33,117.78495097955071,1,3,[39],1,84,27.691769872796073,0.0,"[0, 3, 0]","[111.3, 83.14, 71.34]"
37,120.80022734006249,1,2,"[32, 33, 35, 42]",4,80,20.249241903322336,0.0,"[0, 2, 0]","[111.3, 81.16, 63.68]"
36,125.85733631451927,0,2,"[38, 41, 45]",3,77,22.790296183261102,0.0,"[2, 2, 0]","[111.3, 69.66, 63.68]"
37,127.87591299215956,2,3,[40],1,76,20.039190696999338,5.649058653580283,"[2, 2, 3]","[100.11, 69.66, 63.68]"
40,131.87591299215956,2,1,"[43, 44]",2,74,20.039190696999338,5.649058653580283,"[2, 2, 1]","[100.11, 69.66, 62.39]"
42,144.98024052778882,1,3,"[46, 47]",2,72,22.332923081201567,0.0,"[0, 3, 0]","[91.79, 60.41, 54.65]"
45,150.00664167006812,0,1,"[48, 50, 51]",3,69,22.037720253793047,4.813568053690261,"[1, 3, 0]","[91.79, 50.67, 46.68]"
49,155.04372510512673,2,1,"[54, 52]",2,67,25.532491288680347,0.0,"[1, 3, 1]","[83.23, 50.67, 46.68]"
56,169.1622587601344,1,1,[55],1,66,24.328921912478762,21.698083428753677,"[0, 1, 0]","[76.2, 45.66, 41.85]"
57,171.1783741871516,0,1,[56],1,65,41.99390999179022,112.1379569189788,"[1, 1, 0]","[76.2, 36.56, 43.87]"
65,193.24512772957485,1,3,[59],1,64,38.35200611222671,143.94503017510996,"[0, 3, 0]","[56.34, 29.51, 46.7]"
65,193.24512772957485,2,1,[53],1,63,38.35200611222671,143.94503017510996,"[0, 3, 1]","[56.34, 29.51, 46.7]"
65,195.2604706923167,0,2,"[49, 58, 57, 60, 64, 65]",6,57,37.1140998500406,72.71098342812758,"[2, 3, 1]","[56.34, 19.66, 37.5]"
70,215.39005517959598,2,3,[61],1,56,31.083798596030768,47.481846312833795,"[0, 0, 3]","[37.45, 30.94, 28.61]"
76,225.4239242513975,0,2,"[67, 71, 72]",3,53,58.526313265371044,302.59442480247696,"[2, 0, 3]","[37.45, 39.97, 18.85]"
79,229.4382690350215,0,1,"[70, 73, 75]",3,50,22.96682768639197,62.20955219167439,"[1, 0, 0]","[35.44, 30.11, 21.11]"
79,237.45252689123157,1,2,"[66, 68, 69, 76, 77]",5,45,25.71827281362019,150.31335109104188,"[1, 2, 0]","[26.12, 30.11, 12.18]"
81,241.4929625550906,1,3,[74],1,44,32.824959812384705,147.11198715527632,"[0, 3, 0]","[27.85, 27.44, 12.18]"
80,244.50377591848374,2,2,"[62, 63]",2,42,32.85310538942581,148.59948328509319,"[0, 3, 2]","[30.86, 17.92, 12.18]"
87,256.57416408856716,0,1,"[79, 80]",2,40,50.886952144515085,51.094323854677185,"[1, 0, 2]","[23.95, 20.47, 1.05]"
91,260.6097562074662,0,2,"[78, 81]",2,38,41.81058156108617,0.0,"[2, 0, 0]","[21.84, 10.9, 4.02]"
94,264.63050127426794,0,3,[82],1,37,34.25872760697318,0.0,"[3, 0, 0]","[19.59, 10.9, 8.04]"
91,268.6509221990904,1,2,"[83, 84]",2,35,34.664006034098094,11.937305898354964,"[3, 2, 0]","[10.07, 10.9, 12.06]"
99,290.7134662826857,2,2,[86],1,34,31.729095673870766,59.263797721688945,"[0, 0, 2]","[25.62, 9.77, 12.23]"
102,294.7907550295195,2,1,[85],1,33,55.00178815364686,153.53526598410048,"[0, 0, 1]","[29.7, 13.85, 9.59]"
104,306.86229369242994,0,2,[87],1,32,26.568775823689272,0.0,"[2, 0, 0]","[19.0, 24.92, 2.89]"
108,316.941032354037,1,3,[88],1,31,23.065492524356777,0.0,"[2, 3, 0]","[8.33, 14.99, 12.97]"
115,333.0124955574672,2,1,"[89, 91]",2,29,35.031979965189564,18.275941857546457,"[0, 0, 1]","[22.79, 11.95, 11.24]"
119,336.0244159420332,2,3,"[90, 92]",2,27,32.51985486186781,0.0,"[0, 0, 3]","[25.8, 14.96, 10.11]"
122,356.10435765584316,1,3,[95],1,26,32.082697035906165,77.82829991334967,"[0, 3, 0]","[31.91, 16.16, 9.19]"
126,360.12243279616047,1,2,[93],1,25,22.075684972745705,8.428317396090279,"[0, 2, 0]","[31.91, 13.45, 13.2]"
127,364.15682454506566,1,1,"[94, 96]",2,23,21.620396056233496,15.055478264013516,"[0, 1, 0]","[31.91, 11.21, 17.24]"
125,365.1685935974122,0,2,"[98, 99]",2,21,21.21761450544184,0.0,"[2, 1, 0]","[31.91, 11.21, 18.25]"
133,384.24137150446586,2,3,"[97, 101]",2,19,21.460668852400712,47.01411703978391,"[0, 0, 3]","[29.22, 13.55, 19.73]"
138,400.3230296095213,1,1,[103],1,18,31.604620919481157,0.0,"[0, 1, 0]","[30.37, 12.58, 16.4]"
141,404.35700852076224,0,1,[107],1,17,49.7192741249993,114.93490916113825,"[1, 1, 0]","[30.37, 10.46, 20.44]"
142,404.35700852076224,1,2,"[102, 104]",2,15,49.7192741249993,114.93490916113825,"[1, 2, 0]","[30.37, 10.46, 20.44]"
144,407.3858542124431,0,3,"[105, 108]",2,13,21.73218602489199,0.0,"[3, 2, 0]","[29.35, 0.0, 12.24]"
145,417.4399671713512,2,2,"[109, 110]",2,11,74.07970434103058,278.54955020497687,"[3, 0, 2]","[19.24, 1.2, 12.24]"
155,441.57863523960117,0,1,"[113, 117]",2,9,40.61078058183437,286.80095706347777,"[1, 0, 0]","[21.65, 24.34, 11.84]"
159,445.5954849084219,0,2,"[114, 115, 112, 116]",4,5,35.62664369093847,322.499238671978,"[2, 0, 0]","[18.85, 28.36, 15.86]"
162,461.65711764097216,2,1,"[100, 106, 111]",3,2,27.835491805631356,385.95130070407686,"[0, 0, 1]","[11.8, 45.42, 14.05]"
164,464.6693909486135,2,2,[118],1,1,13.82072924123445,5.393862764751816,"[0, 0, 2]","[14.81, 48.43, 12.26]"
171,505.84032853444427,2,3,[119],1,0,26.621644062156072,166.6784787614228,"[0, 0, 3]","[55.98, 89.6, 9.5]"
