generation,best_G_benchmark,best_fitness,avg_fitness,std_fitness,best_tct,best_Makespan,best_profit,ideal_tct,ideal_Makespan,ideal_profit,weight_travel,weight_Makespan,weight_profit,hypervolume,pareto_front_size,genotypic_diversity,phenotypic_diversity,priority_diversity,elapsed_time_seconds
0,2841.8288885812926,-2841.8288885812926,6472.999398271459,6382.339395557418,0,0,0,0,0,0,0,0,0,0,0,0.196,6382.339395557418,0.47140452078621486,0.0
1,2841.8288885812926,-2841.8288885812926,895.8393158432513,2047.8370567174504,0,0,0,0,0,0,0,0,0,0,0,0.052000000000000005,2047.8370567174504,0.4714045207876737,0.26281285285949707
2,2841.8288885812926,-2841.8288885812926,-98.3593146495071,1847.484592901483,0,0,0,0,0,0,0,0,0,0,0,0.0604,1847.484592901483,0.47140452078768197,0.3863637447357178
3,2841.8288885812926,-2841.8288885812926,-923.0614083806321,988.021629831986,0,0,0,0,0,0,0,0,0,0,0,0.06080000000000001,988.021629831986,0.4714045207875395,0.48383617401123047
4,2841.8288885812926,-2841.8288885812926,-1551.6417530330032,814.255287746635,0,0,0,0,0,0,0,0,0,0,0,0.055600000000000004,814.255287746635,0.47140452078752326,0.6022474765777588
5,2841.8288885812926,-2841.8288885812926,-1909.5124895508843,651.2595702563502,0,0,0,0,0,0,0,0,0,0,0,0.0364,651.2595702563502,0.4714045207875411,0.7921581268310547
6,2841.8288885812926,-2841.8288885812926,-2201.406889735257,396.05850818845266,0,0,0,0,0,0,0,0,0,0,0,0.026000000000000002,396.05850818845266,0.47140452078756756,0.8998308181762695
7,2841.8288885812926,-2841.8288885812926,-2232.4149609951096,433.080854839756,0,0,0,0,0,0,0,0,0,0,0,0.022400000000000003,433.080854839756,0.4714045207875633,1.0084197521209717
8,2841.8288885812926,-2841.8288885812926,-2347.4797214576115,394.9966824544522,0,0,0,0,0,0,0,0,0,0,0,0.012,394.9966824544522,0.4714045207875985,1.1080029010772705
9,2841.8288885812926,-2841.8288885812926,-2454.862186810851,351.28654013284165,0,0,0,0,0,0,0,0,0,0,0,0.008,351.28654013284165,0.47140452078761086,1.199676752090454
10,2966.3492476847155,-2966.3492476847155,-2511.9002919037016,260.12936978362086,0,0,0,0,0,0,0,0,0,0,0,0.0068000000000000005,260.12936978362086,0.4714045207876118,1.295910358428955
11,3047.0406725904363,-3047.0406725904363,-2570.922316184783,283.88037477801925,0,0,0,0,0,0,0,0,0,0,0,0.006400000000000001,283.88037477801925,0.4714045207876257,1.3962969779968262
12,3065.032737190862,-3065.032737190862,-2558.966703224793,304.98342729546886,0,0,0,0,0,0,0,0,0,0,0,0.009200000000000002,304.98342729546886,0.47140452078761486,1.4999125003814697
13,3065.032737190862,-3065.032737190862,-2634.310441137154,293.039482999186,0,0,0,0,0,0,0,0,0,0,0,0.0088,293.039482999186,0.47140452078762257,1.659522294998169
14,3065.032737190862,-3065.032737190862,-2634.8488391989586,273.54716751614376,0,0,0,0,0,0,0,0,0,0,0,0.0036000000000000003,273.54716751614376,0.4714045207876227,1.7588438987731934
15,3065.032737190862,-3065.032737190862,-2530.734074010455,487.4954284360727,0,0,0,0,0,0,0,0,0,0,0,0.008,487.4954284360727,0.4714045207875928,1.8567860126495361
16,3065.032737190862,-3065.032737190862,-2553.695991548174,413.9413522014746,0,0,0,0,0,0,0,0,0,0,0,0.0108,413.9413522014746,0.47140452078759076,1.9900333881378174
17,3065.032737190862,-3065.032737190862,-2590.403924570924,387.6174986111685,0,0,0,0,0,0,0,0,0,0,0,0.0108,387.6174986111685,0.471404520787601,2.0839362144470215
18,3065.032737190862,-3065.032737190862,-2614.2309317957684,374.01637046631816,0,0,0,0,0,0,0,0,0,0,0,0.009600000000000001,374.01637046631816,0.4714045207875847,2.1762173175811768
19,3065.032737190862,-3065.032737190862,-2641.378017123564,363.5823649671435,0,0,0,0,0,0,0,0,0,0,0,0.0124,363.5823649671435,0.4714045207875855,2.2696893215179443
20,3065.032737190862,-3065.032737190862,-2621.916628703574,406.11041084061094,0,0,0,0,0,0,0,0,0,0,0,0.013600000000000001,406.11041084061094,0.47140452078756945,2.361886501312256
21,3077.1069540086833,-3077.1069540086833,-2667.3647631679896,377.5819568057552,0,0,0,0,0,0,0,0,0,0,0,0.011600000000000001,377.5819568057552,0.47140452078759076,2.460576295852661
22,3077.1069540086833,-3077.1069540086833,-2742.5675499750414,250.18635157274764,0,0,0,0,0,0,0,0,0,0,0,0.013199999999999998,250.18635157274764,0.47140452078758904,2.549947738647461
23,3077.1069540086833,-3077.1069540086833,-2708.9686312498525,320.6377912569833,0,0,0,0,0,0,0,0,0,0,0,0.01,320.6377912569833,0.47140452078760753,2.640753746032715
24,3097.362629610972,-3097.362629610972,-2726.5632787754816,333.24632064066463,0,0,0,0,0,0,0,0,0,0,0,0.009200000000000002,333.24632064066463,0.4714045207875989,2.7418365478515625
25,3097.362629610972,-3097.362629610972,-2765.2946287817867,330.16081081127027,0,0,0,0,0,0,0,0,0,0,0,0.0092,330.16081081127027,0.47140452078760664,2.8387527465820312
26,3097.362629610972,-3097.362629610972,-2790.4954714554124,288.9632953455984,0,0,0,0,0,0,0,0,0,0,0,0.009200000000000002,288.9632953455984,0.4714045207876045,2.9462506771087646
27,3105.79705434448,-3105.79705434448,-2761.743754252149,312.7600266439447,0,0,0,0,0,0,0,0,0,0,0,0.0064,312.7600266439447,0.47140452078761447,3.0333919525146484
28,3105.79705434448,-3105.79705434448,-2791.088440341496,254.00672031881635,0,0,0,0,0,0,0,0,0,0,0,0.004,254.00672031881635,0.4714045207876304,3.127135992050171
29,3105.79705434448,-3105.79705434448,-2695.7639980081613,376.0799055832781,0,0,0,0,0,0,0,0,0,0,0,0.0104,376.0799055832781,0.47140452078760064,3.2254199981689453
30,3105.79705434448,-3105.79705434448,-2728.7181302979816,307.6354177101537,0,0,0,0,0,0,0,0,0,0,0,0.0044,307.6354177101537,0.47140452078761963,3.3341493606567383
31,3185.4401176449633,-3185.4401176449633,-2711.462822679775,336.51160356559586,0,0,0,0,0,0,0,0,0,0,0,0.008,336.51160356559586,0.4714045207876097,3.4284658432006836
32,3185.4401176449633,-3185.4401176449633,-2720.7168810536036,375.8707034383776,0,0,0,0,0,0,0,0,0,0,0,0.008799999999999999,375.8707034383776,0.47140452078762,3.5282886028289795
33,3185.4401176449633,-3185.4401176449633,-2802.8338336891825,292.1191863106443,0,0,0,0,0,0,0,0,0,0,0,0.0088,292.1191863106443,0.4714045207875984,3.6248390674591064
34,3185.4401176449633,-3185.4401176449633,-2814.0262979991476,304.0070943632219,0,0,0,0,0,0,0,0,0,0,0,0.009600000000000001,304.0070943632219,0.4714045207875962,3.7321290969848633
35,3185.4401176449633,-3185.4401176449633,-2782.5990232219083,333.7920502361872,0,0,0,0,0,0,0,0,0,0,0,0.0108,333.7920502361872,0.471404520787601,3.8370590209960938
36,3217.390852488809,-3217.390852488809,-2753.77438699301,295.2267362642581,0,0,0,0,0,0,0,0,0,0,0,0.0092,295.2267362642581,0.4714045207875928,3.9598371982574463
37,3217.390852488809,-3217.390852488809,-2725.1508378112926,312.0291136420952,0,0,0,0,0,0,0,0,0,0,0,0.01,312.0291136420952,0.4714045207875834,4.056591033935547
38,3217.390852488809,-3217.390852488809,-2743.0428402490343,351.5369743896028,0,0,0,0,0,0,0,0,0,0,0,0.011600000000000001,351.5369743896028,0.4714045207875777,4.147670269012451
39,3217.390852488809,-3217.390852488809,-2784.1799046330048,305.1122415543985,0,0,0,0,0,0,0,0,0,0,0,0.009200000000000002,305.1122415543985,0.47140452078761536,4.253086566925049
40,3217.390852488809,-3217.390852488809,-2841.5818601009314,344.1074485556103,0,0,0,0,0,0,0,0,0,0,0,0.009600000000000001,344.1074485556103,0.4714045207876063,4.438466548919678
41,3217.390852488809,-3217.390852488809,-2832.033838736087,353.0515708432596,0,0,0,0,0,0,0,0,0,0,0,0.006,353.0515708432596,0.47140452078761447,4.528888463973999
42,3217.390852488809,-3217.390852488809,-2780.9108018156053,311.77804890672144,0,0,0,0,0,0,0,0,0,0,0,0.012400000000000001,311.77804890672144,0.47140452078758677,4.628381967544556
43,3252.5717635974106,-3252.5717635974106,-2838.087991201868,268.1442742318179,0,0,0,0,0,0,0,0,0,0,0,0.012,268.1442742318179,0.4714045207875769,4.725637435913086
44,3252.5717635974106,-3252.5717635974106,-2792.7110639498806,359.1775269868818,0,0,0,0,0,0,0,0,0,0,0,0.011600000000000001,359.1775269868818,0.47140452078757905,4.8245813846588135
45,3252.5717635974106,-3252.5717635974106,-2781.0488459437106,327.6354768879987,0,0,0,0,0,0,0,0,0,0,0,0.0108,327.6354768879987,0.4714045207875906,4.927361249923706
46,3252.5717635974106,-3252.5717635974106,-2796.595431715449,371.92774249771503,0,0,0,0,0,0,0,0,0,0,0,0.012000000000000002,371.92774249771503,0.47140452078759065,5.036880016326904
47,3252.5717635974106,-3252.5717635974106,-2825.6489279006146,396.74690920172935,0,0,0,0,0,0,0,0,0,0,0,0.0108,396.74690920172935,0.4714045207876097,5.128639459609985
48,3299.3072737356033,-3299.3072737356033,-2841.9928625755856,312.4756441355646,0,0,0,0,0,0,0,0,0,0,0,0.008,312.4756441355646,0.4714045207875959,5.22762393951416
49,3299.3072737356033,-3299.3072737356033,-2851.1480657069246,289.1081268356923,0,0,0,0,0,0,0,0,0,0,0,0.0076,289.1081268356923,0.4714045207876083,5.328101396560669
50,3299.3072737356033,-3299.3072737356033,-2845.538624091596,416.775335841498,0,0,0,0,0,0,0,0,0,0,0,0.004,416.775335841498,0.4714045207876205,5.439035892486572
51,3299.3072737356033,-3299.3072737356033,-2867.131340120686,335.03841484599326,0,0,0,0,0,0,0,0,0,0,0,0.009200000000000002,335.03841484599326,0.471404520787583,5.565451622009277
52,3299.3072737356033,-3299.3072737356033,-2919.13378166529,309.71414360665256,0,0,0,0,0,0,0,0,0,0,0,0.012400000000000001,309.71414360665256,0.47140452078758893,5.695416212081909
53,3299.3072737356033,-3299.3072737356033,-2940.763672069324,276.4579885388689,0,0,0,0,0,0,0,0,0,0,0,0.009600000000000001,276.4579885388689,0.47140452078759076,5.789911270141602
54,3299.3072737356033,-3299.3072737356033,-2938.8492394480045,374.3212959104896,0,0,0,0,0,0,0,0,0,0,0,0.0092,374.3212959104896,0.47140452078759937,5.893129825592041
55,3299.3072737356033,-3299.3072737356033,-2929.4093924672256,335.7275290107774,0,0,0,0,0,0,0,0,0,0,0,0.009200000000000002,335.7275290107774,0.47140452078758893,5.987678527832031
56,3299.3072737356033,-3299.3072737356033,-2975.783606103312,269.3800828649915,0,0,0,0,0,0,0,0,0,0,0,0.008,269.3800828649915,0.4714045207875933,6.090179920196533
57,3351.3504376081532,-3351.3504376081532,-2967.656755043688,309.88074192326025,0,0,0,0,0,0,0,0,0,0,0,0.0092,309.88074192326025,0.4714045207875919,6.190877676010132
58,3351.3504376081532,-3351.3504376081532,-2876.62029008636,441.22031318911365,0,0,0,0,0,0,0,0,0,0,0,0.0104,441.22031318911365,0.47140452078758555,6.288304805755615
59,3351.3504376081532,-3351.3504376081532,-2949.6313064489873,317.44392266383755,0,0,0,0,0,0,0,0,0,0,0,0.012800000000000002,317.44392266383755,0.4714045207875773,6.3862621784210205
60,3351.3504376081532,-3351.3504376081532,-2950.3612827579955,365.9932358455783,0,0,0,0,0,0,0,0,0,0,0,0.013600000000000001,365.9932358455783,0.47140452078756984,6.511322021484375
61,3351.3504376081532,-3351.3504376081532,-2908.841859043995,425.5520389174432,0,0,0,0,0,0,0,0,0,0,0,0.009999999999999998,425.5520389174432,0.4714045207875962,6.6101672649383545
62,3351.3504376081532,-3351.3504376081532,-2911.0117051309066,456.9200623857661,0,0,0,0,0,0,0,0,0,0,0,0.0088,456.9200623857661,0.4714045207876174,6.729541063308716
63,3354.2229064349717,-3354.2229064349717,-2899.9076090614167,478.88023102785286,0,0,0,0,0,0,0,0,0,0,0,0.0144,478.88023102785286,0.471404520787585,6.824040412902832
64,3354.2229064349717,-3354.2229064349717,-3033.6859217521787,277.2282076310461,0,0,0,0,0,0,0,0,0,0,0,0.007599999999999999,277.2282076310461,0.471404520787614,6.916539907455444
65,3354.2229064349717,-3354.2229064349717,-3000.055203070999,347.2724572235283,0,0,0,0,0,0,0,0,0,0,0,0.005600000000000001,347.2724572235283,0.47140452078762524,7.009410858154297
66,3354.2229064349717,-3354.2229064349717,-2995.320935534538,357.99498439895194,0,0,0,0,0,0,0,0,0,0,0,0.005600000000000001,357.99498439895194,0.47140452078762307,7.114822864532471
67,3354.2229064349717,-3354.2229064349717,-3025.667445913431,336.29500583490284,0,0,0,0,0,0,0,0,0,0,0,0.0052,336.29500583490284,0.47140452078762046,7.223207950592041
68,3354.2229064349717,-3354.2229064349717,-2990.5226421967773,400.9419677414216,0,0,0,0,0,0,0,0,0,0,0,0.0048,400.9419677414216,0.47140452078762524,7.36106538772583
69,3354.2229064349717,-3354.2229064349717,-2943.037796751525,359.587354267255,0,0,0,0,0,0,0,0,0,0,0,0.0116,359.587354267255,0.4714045207876041,7.464894771575928
70,3354.2229064349717,-3354.2229064349717,-3020.272836092973,255.37402866719742,0,0,0,0,0,0,0,0,0,0,0,0.0088,255.37402866719742,0.4714045207875955,7.569305896759033
71,3354.2229064349717,-3354.2229064349717,-3030.3325252739287,285.8657052000249,0,0,0,0,0,0,0,0,0,0,0,0.0092,285.8657052000249,0.4714045207876041,7.808241605758667
72,3363.1701033531817,-3363.1701033531817,-3003.1133320522044,378.31133402202875,0,0,0,0,0,0,0,0,0,0,0,0.013600000000000001,378.31133402202875,0.47140452078759154,7.910682678222656
73,3363.1701033531817,-3363.1701033531817,-3035.463041006464,301.07061392297953,0,0,0,0,0,0,0,0,0,0,0,0.0048,301.07061392297953,0.4714045207876282,8.03675127029419
74,3363.1701033531817,-3363.1701033531817,-3016.852986819476,334.96713082301085,0,0,0,0,0,0,0,0,0,0,0,0.0068000000000000005,334.96713082301085,0.4714045207876278,8.170478105545044
75,3364.7453383883017,-3364.7453383883017,-3028.731925802967,390.0662594399386,0,0,0,0,0,0,0,0,0,0,0,0.0048000000000000004,390.0662594399386,0.4714045207876283,8.341259717941284
76,3364.7453383883017,-3364.7453383883017,-3072.5164228653,255.88837667646027,0,0,0,0,0,0,0,0,0,0,0,0.005600000000000001,255.88837667646027,0.4714045207876386,8.58713674545288
77,3374.5437725907036,-3374.5437725907036,-3036.799789175583,369.7497441893384,0,0,0,0,0,0,0,0,0,0,0,0.005600000000000001,369.7497441893384,0.4714045207876283,8.707512378692627
78,3374.5437725907036,-3374.5437725907036,-3080.32530221427,253.83015092035862,0,0,0,0,0,0,0,0,0,0,0,0.0088,253.83015092035862,0.47140452078762435,8.800428628921509
79,3374.5437725907036,-3374.5437725907036,-2993.914880498414,391.8519733694165,0,0,0,0,0,0,0,0,0,0,0,0.0048,391.8519733694165,0.4714045207876179,8.917920589447021
80,3401.177819074613,-3401.177819074613,-3039.2415669168136,378.11819457505726,0,0,0,0,0,0,0,0,0,0,0,0.0088,378.11819457505726,0.4714045207876015,9.03170919418335
81,3401.177819074613,-3401.177819074613,-3090.376898326624,265.1818847508589,0,0,0,0,0,0,0,0,0,0,0,0.0052,265.1818847508589,0.47140452078761486,9.143606185913086
82,3401.177819074613,-3401.177819074613,-3059.8409235817803,400.85995131458867,0,0,0,0,0,0,0,0,0,0,0,0.011600000000000001,400.85995131458867,0.471404520787605,9.309283018112183
83,3401.177819074613,-3401.177819074613,-3137.727339223497,248.67658671215884,0,0,0,0,0,0,0,0,0,0,0,0.009200000000000002,248.67658671215884,0.47140452078759715,9.419573545455933
84,3401.177819074613,-3401.177819074613,-3096.5301070197124,275.4991332443073,0,0,0,0,0,0,0,0,0,0,0,0.009200000000000002,275.4991332443073,0.47140452078761536,9.52889609336853
85,3401.177819074613,-3401.177819074613,-3076.7565273771424,260.79917544388456,0,0,0,0,0,0,0,0,0,0,0,0.0088,260.79917544388456,0.47140452078760453,9.63264775276184
86,3401.177819074613,-3401.177819074613,-3108.018107224633,259.5283467773,0,0,0,0,0,0,0,0,0,0,0,0.006000000000000001,259.5283467773,0.47140452078762307,9.741122722625732
87,3401.177819074613,-3401.177819074613,-3097.184238325904,284.3567901829612,0,0,0,0,0,0,0,0,0,0,0,0.0092,284.3567901829612,0.47140452078761186,9.857341289520264
88,3405.32435808817,-3405.32435808817,-3023.0652135819814,389.1008192531785,0,0,0,0,0,0,0,0,0,0,0,0.011600000000000001,389.1008192531785,0.4714045207875962,9.950244665145874
89,3405.32435808817,-3405.32435808817,-3007.0779478363756,378.3959521049975,0,0,0,0,0,0,0,0,0,0,0,0.006,378.3959521049975,0.47140452078760925,10.066577672958374
90,3405.32435808817,-3405.32435808817,-3058.161467962036,418.4269620545323,0,0,0,0,0,0,0,0,0,0,0,0.008,418.4269620545323,0.47140452078760664,10.166358947753906
91,3410.125015992823,-3410.125015992823,-3044.3704186120513,435.4688144926729,0,0,0,0,0,0,0,0,0,0,0,0.011200000000000002,435.4688144926729,0.4714045207875985,10.259813785552979
92,3410.125015992823,-3410.125015992823,-3101.888179402152,291.396287306511,0,0,0,0,0,0,0,0,0,0,0,0.0092,291.396287306511,0.47140452078760714,10.35502314567566
93,3410.125015992823,-3410.125015992823,-3124.4399483114503,266.18271612821076,0,0,0,0,0,0,0,0,0,0,0,0.0088,266.18271612821076,0.47140452078761486,10.45460295677185
94,3410.125015992823,-3410.125015992823,-3087.489420425373,327.71094786930945,0,0,0,0,0,0,0,0,0,0,0,0.008400000000000001,327.71094786930945,0.47140452078761486,10.549339294433594
95,3410.125015992823,-3410.125015992823,-3021.8031886730455,379.14355695087437,0,0,0,0,0,0,0,0,0,0,0,0.0068000000000000005,379.14355695087437,0.47140452078761264,10.708453893661499
96,3410.125015992823,-3410.125015992823,-3072.6421509379697,332.04655106540594,0,0,0,0,0,0,0,0,0,0,0,0.005600000000000001,332.04655106540594,0.47140452078762046,10.808672189712524
97,3410.125015992823,-3410.125015992823,-3049.6633394367987,344.92901203998696,0,0,0,0,0,0,0,0,0,0,0,0.011200000000000002,344.92901203998696,0.4714045207875937,10.901690006256104
98,3410.125015992823,-3410.125015992823,-3115.468127520021,277.44250843410794,0,0,0,0,0,0,0,0,0,0,0,0.0068000000000000005,277.44250843410794,0.4714045207876015,11.008392095565796
99,3410.125015992823,-3410.125015992823,-3133.721305462264,264.77220553660965,0,0,0,0,0,0,0,0,0,0,0,0.006000000000000001,264.77220553660965,0.4714045207876145,11.228234767913818
100,3410.125015992823,-3410.125015992823,-3092.074643251447,322.7689636162041,0,0,0,0,0,0,0,0,0,0,0,0.0104,322.7689636162041,0.47140452078762224,11.319509506225586
101,3410.125015992823,-3410.125015992823,-3102.168791856533,293.2494008957789,0,0,0,0,0,0,0,0,0,0,0,0.011600000000000001,293.2494008957789,0.4714045207876037,11.426542043685913
102,3410.125015992823,-3410.125015992823,-3117.529458955236,270.89965734727843,0,0,0,0,0,0,0,0,0,0,0,0.0068000000000000005,270.89965734727843,0.47140452078761486,11.539304494857788
103,3410.125015992823,-3410.125015992823,-3104.2595761334896,332.9238118605995,0,0,0,0,0,0,0,0,0,0,0,0.0068000000000000005,332.9238118605995,0.47140452078761963,11.686452627182007
104,3410.125015992823,-3410.125015992823,-3111.3348659200674,256.1115863612273,0,0,0,0,0,0,0,0,0,0,0,0.0108,256.1115863612273,0.47140452078760925,11.7870454788208
105,3410.125015992823,-3410.125015992823,-3049.621904239716,364.34883235677927,0,0,0,0,0,0,0,0,0,0,0,0.0104,364.34883235677927,0.4714045207876227,11.88285756111145
106,3419.651740536932,-3419.651740536932,-3122.941003319774,248.97842723945377,0,0,0,0,0,0,0,0,0,0,0,0.0088,248.97842723945377,0.47140452078760187,11.976544857025146
107,3419.651740536932,-3419.651740536932,-3113.9553274104405,320.0670392644406,0,0,0,0,0,0,0,0,0,0,0,0.008400000000000001,320.0670392644406,0.47140452078759937,12.07010531425476
108,3419.651740536932,-3419.651740536932,-3147.3814314203564,268.3694717986776,0,0,0,0,0,0,0,0,0,0,0,0.009600000000000003,268.3694717986776,0.4714045207875885,12.160788774490356
109,3419.651740536932,-3419.651740536932,-3073.258206024834,385.3565082726909,0,0,0,0,0,0,0,0,0,0,0,0.0076,385.3565082726909,0.47140452078760364,12.269765853881836
110,3419.651740536932,-3419.651740536932,-3118.4917825851535,286.95292411820685,0,0,0,0,0,0,0,0,0,0,0,0.0132,286.95292411820685,0.47140452078758294,12.36322569847107
111,3419.651740536932,-3419.651740536932,-3115.091141200885,358.06082740489495,0,0,0,0,0,0,0,0,0,0,0,0.012000000000000002,358.06082740489495,0.4714045207875933,12.464632511138916
112,3419.651740536932,-3419.651740536932,-3123.1100446664764,289.4734266862867,0,0,0,0,0,0,0,0,0,0,0,0.007200000000000001,289.4734266862867,0.4714045207876071,12.572715759277344
113,3419.651740536932,-3419.651740536932,-3166.481180802165,298.73940962299525,0,0,0,0,0,0,0,0,0,0,0,0.0092,298.73940962299525,0.47140452078760364,12.667251110076904
114,3420.3294796266136,-3420.3294796266136,-3170.7694305707205,250.08671676358153,0,0,0,0,0,0,0,0,0,0,0,0.0048,250.08671676358153,0.471404520787633,12.753661632537842
115,3420.3294796266136,-3420.3294796266136,-3115.4000941265112,372.28027791173474,0,0,0,0,0,0,0,0,0,0,0,0.012,372.28027791173474,0.47140452078760836,12.847882270812988
116,3420.3294796266136,-3420.3294796266136,-3111.3027821287938,296.7263186684534,0,0,0,0,0,0,0,0,0,0,0,0.012,296.7263186684534,0.4714045207875962,12.939319610595703
117,3420.3294796266136,-3420.3294796266136,-3106.2183833128547,411.0508969432184,0,0,0,0,0,0,0,0,0,0,0,0.0108,411.0508969432184,0.47140452078759537,13.050087690353394
118,3420.3294796266136,-3420.3294796266136,-3117.543032787861,322.8365137269412,0,0,0,0,0,0,0,0,0,0,0,0.0092,322.8365137269412,0.4714045207876083,13.142552614212036
119,3420.3294796266136,-3420.3294796266136,-3164.036349578101,240.78987908785106,0,0,0,0,0,0,0,0,0,0,0,0.007200000000000001,240.78987908785106,0.4714045207876088,13.256433248519897
120,3420.3294796266136,-3420.3294796266136,-3108.6318329212804,327.14127610200217,0,0,0,0,0,0,0,0,0,0,0,0.008,327.14127610200217,0.4714045207876019,13.390705108642578
121,3420.3294796266136,-3420.3294796266136,-3060.5478552582103,381.97343805571614,0,0,0,0,0,0,0,0,0,0,0,0.0088,381.97343805571614,0.4714045207876227,13.499329328536987
122,3420.3294796266136,-3420.3294796266136,-3080.0198888797877,296.769780317832,0,0,0,0,0,0,0,0,0,0,0,0.0088,296.769780317832,0.4714045207876015,13.597650527954102
123,3420.3294796266136,-3420.3294796266136,-3097.286284565975,319.39339406907783,0,0,0,0,0,0,0,0,0,0,0,0.008400000000000001,319.39339406907783,0.4714045207876118,13.693479776382446
124,3422.070729198696,-3422.070729198696,-3081.474818212954,391.0135085513121,0,0,0,0,0,0,0,0,0,0,0,0.0108,391.0135085513121,0.4714045207875967,13.792831182479858
125,3422.070729198696,-3422.070729198696,-3058.889380052911,344.43079100308216,0,0,0,0,0,0,0,0,0,0,0,0.011200000000000002,344.43079100308216,0.4714045207875815,13.884475708007812
126,3422.070729198696,-3422.070729198696,-3054.8570223430456,382.27842975536896,0,0,0,0,0,0,0,0,0,0,0,0.013600000000000001,382.27842975536896,0.47140452078757994,13.981832504272461
127,3422.070729198696,-3422.070729198696,-3021.129335178181,323.2521444986457,0,0,0,0,0,0,0,0,0,0,0,0.0088,323.2521444986457,0.4714045207875859,14.076079607009888
128,3422.070729198696,-3422.070729198696,-2980.5913165166758,387.39852259011616,0,0,0,0,0,0,0,0,0,0,0,0.018000000000000002,387.39852259011616,0.4714045207875622,14.17597222328186
129,3422.070729198696,-3422.070729198696,-3042.0872718693327,334.764517787219,0,0,0,0,0,0,0,0,0,0,0,0.012000000000000002,334.764517787219,0.4714045207875717,14.272396326065063
130,3422.070729198696,-3422.070729198696,-3060.373315249572,364.9162785593431,0,0,0,0,0,0,0,0,0,0,0,0.012000000000000002,364.9162785593431,0.4714045207875859,14.371652603149414
131,3422.748468288378,-3422.748468288378,-3082.8561766890593,370.1688549583296,0,0,0,0,0,0,0,0,0,0,0,0.013600000000000001,370.1688549583296,0.471404520787592,14.46371841430664
132,3422.748468288378,-3422.748468288378,-3134.2304678840655,307.88903031610454,0,0,0,0,0,0,0,0,0,0,0,0.0108,307.88903031610454,0.4714045207875962,14.56746220588684
133,3422.748468288378,-3422.748468288378,-3131.629739694146,287.43555820537006,0,0,0,0,0,0,0,0,0,0,0,0.0044,287.43555820537006,0.47140452078762524,14.6814706325531
134,3422.748468288378,-3422.748468288378,-3170.953523898382,227.52724758354648,0,0,0,0,0,0,0,0,0,0,0,0.0092,227.52724758354648,0.47140452078762,14.796966314315796
135,3422.748468288378,-3422.748468288378,-3148.059169903849,271.0636805865563,0,0,0,0,0,0,0,0,0,0,0,0.0036,271.0636805865563,0.4714045207876412,14.90392518043518
136,3422.748468288378,-3422.748468288378,-3111.15841363809,323.5584115734139,0,0,0,0,0,0,0,0,0,0,0,0.0068000000000000005,323.5584115734139,0.4714045207876179,15.013128757476807
137,3422.748468288378,-3422.748468288378,-3039.827599104379,396.17603766674154,0,0,0,0,0,0,0,0,0,0,0,0.0088,396.17603766674154,0.4714045207876118,15.113327980041504
138,3422.748468288378,-3422.748468288378,-3082.998234383352,364.7488469738284,0,0,0,0,0,0,0,0,0,0,0,0.0076,364.7488469738284,0.47140452078760664,15.20517611503601
139,3422.748468288378,-3422.748468288378,-3103.183859975657,292.7832688101372,0,0,0,0,0,0,0,0,0,0,0,0.0072,292.7832688101372,0.47140452078760364,15.312886714935303
140,3443.167325418053,-3443.167325418053,-3118.467455608999,365.91505747087047,0,0,0,0,0,0,0,0,0,0,0,0.0136,365.91505747087047,0.4714045207875711,15.412402629852295
141,3443.167325418053,-3443.167325418053,-3099.95909414416,329.51799014698304,0,0,0,0,0,0,0,0,0,0,0,0.0128,329.51799014698304,0.47140452078757433,15.51637601852417
142,3443.167325418053,-3443.167325418053,-3092.199016967476,273.66200747455616,0,0,0,0,0,0,0,0,0,0,0,0.011200000000000002,273.66200747455616,0.4714045207875687,15.617227554321289
143,3443.167325418053,-3443.167325418053,-3113.8943330978523,336.81581878592493,0,0,0,0,0,0,0,0,0,0,0,0.0104,336.81581878592493,0.47140452078761014,15.711240291595459
144,3443.167325418053,-3443.167325418053,-3118.4158895232463,264.95528031594444,0,0,0,0,0,0,0,0,0,0,0,0.0084,264.95528031594444,0.4714045207875984,15.807914733886719
145,3443.167325418053,-3443.167325418053,-3096.6488422883826,374.58781866340286,0,0,0,0,0,0,0,0,0,0,0,0.0108,374.58781866340286,0.47140452078759465,15.898186683654785
146,3443.167325418053,-3443.167325418053,-3109.4242906372583,305.76064089006405,0,0,0,0,0,0,0,0,0,0,0,0.012000000000000002,305.76064089006405,0.4714045207875876,16.002501964569092
147,3443.167325418053,-3443.167325418053,-3085.569904286718,345.19276216302774,0,0,0,0,0,0,0,0,0,0,0,0.008400000000000001,345.19276216302774,0.47140452078760237,16.10827922821045
148,3443.167325418053,-3443.167325418053,-3191.370969297997,320.46886154446395,0,0,0,0,0,0,0,0,0,0,0,0.008400000000000001,320.46886154446395,0.47140452078760475,16.20543098449707
149,3443.167325418053,-3443.167325418053,-3161.397540871703,328.8902484443858,0,0,0,0,0,0,0,0,0,0,0,0.0072,328.8902484443858,0.4714045207876118,16.300509691238403
150,3443.167325418053,-3443.167325418053,-3122.09340637815,298.3034419915553,0,0,0,0,0,0,0,0,0,0,0,0.005600000000000001,298.3034419915553,0.4714045207876032,16.39085364341736
151,3445.5863140798174,-3445.5863140798174,-3096.968890502257,349.7902393242253,0,0,0,0,0,0,0,0,0,0,0,0.0072,349.7902393242253,0.4714045207875962,16.490374326705933
152,3445.5863140798174,-3445.5863140798174,-3036.728434494609,389.70046606657576,0,0,0,0,0,0,0,0,0,0,0,0.005600000000000001,389.70046606657576,0.4714045207876122,16.580812692642212
153,3445.5863140798174,-3445.5863140798174,-3106.364466654498,287.4965638431833,0,0,0,0,0,0,0,0,0,0,0,0.0076,287.4965638431833,0.4714045207876093,16.67669367790222
154,3445.5863140798174,-3445.5863140798174,-3134.890116942598,367.6610889190107,0,0,0,0,0,0,0,0,0,0,0,0.004,367.6610889190107,0.47140452078762524,16.770049810409546
155,3445.5863140798174,-3445.5863140798174,-3113.6531805866266,369.42955651847336,0,0,0,0,0,0,0,0,0,0,0,0.005600000000000001,369.42955651847336,0.4714045207876226,16.874247789382935
156,3445.5863140798174,-3445.5863140798174,-3157.846918206285,303.0055379603708,0,0,0,0,0,0,0,0,0,0,0,0.0048000000000000004,303.0055379603708,0.4714045207876226,16.97790002822876
157,3445.5863140798174,-3445.5863140798174,-3146.9666315886802,275.8951972689079,0,0,0,0,0,0,0,0,0,0,0,0.0052,275.8951972689079,0.4714045207876179,17.093531370162964
158,3445.5863140798174,-3445.5863140798174,-3167.523291690734,333.16695362358075,0,0,0,0,0,0,0,0,0,0,0,0.0076,333.16695362358075,0.4714045207876283,17.196885585784912
159,3445.5863140798174,-3445.5863140798174,-3103.886646386196,337.1389759818411,0,0,0,0,0,0,0,0,0,0,0,0.009600000000000003,337.1389759818411,0.4714045207875933,17.305513620376587
160,3445.5863140798174,-3445.5863140798174,-3162.5221177742064,258.0248078322042,0,0,0,0,0,0,0,0,0,0,0,0.009200000000000002,258.0248078322042,0.47140452078758205,17.420676946640015
161,3445.5863140798174,-3445.5863140798174,-3196.273248260749,229.21618429515428,0,0,0,0,0,0,0,0,0,0,0,0.0092,229.21618429515428,0.4714045207876063,17.518375873565674
162,3445.5863140798174,-3445.5863140798174,-3097.088864915098,388.77048734583576,0,0,0,0,0,0,0,0,0,0,0,0.008799999999999999,388.77048734583576,0.4714045207875911,17.66050148010254
163,3445.5863140798174,-3445.5863140798174,-3125.0774841632588,303.3773019379278,0,0,0,0,0,0,0,0,0,0,0,0.0068000000000000005,303.3773019379278,0.4714045207876174,17.76764440536499
164,3445.5863140798174,-3445.5863140798174,-3085.277787890639,372.72029875948766,0,0,0,0,0,0,0,0,0,0,0,0.0096,372.72029875948766,0.4714045207875877,17.869415521621704
165,3445.5863140798174,-3445.5863140798174,-3128.1133154526237,361.27599288799513,0,0,0,0,0,0,0,0,0,0,0,0.0072,361.27599288799513,0.47140452078761447,17.9655179977417
166,3445.5863140798174,-3445.5863140798174,-3142.820919387805,302.8147313296347,0,0,0,0,0,0,0,0,0,0,0,0.0048,302.8147313296347,0.47140452078763084,18.06012988090515
167,3445.5863140798174,-3445.5863140798174,-3121.720264345156,346.7761523685848,0,0,0,0,0,0,0,0,0,0,0,0.012400000000000001,346.7761523685848,0.471404520787617,18.155460357666016
168,3445.5863140798174,-3445.5863140798174,-3139.7467762801425,330.5391679191279,0,0,0,0,0,0,0,0,0,0,0,0.008,330.5391679191279,0.47140452078760925,18.273122787475586
169,3445.5863140798174,-3445.5863140798174,-3106.2891308974686,355.1577073755778,0,0,0,0,0,0,0,0,0,0,0,0.005600000000000001,355.1577073755778,0.4714045207876037,18.383761882781982
170,3445.5863140798174,-3445.5863140798174,-3103.1603642387913,416.30721148270027,0,0,0,0,0,0,0,0,0,0,0,0.0088,416.30721148270027,0.47140452078759465,18.481216430664062
171,3445.5863140798174,-3445.5863140798174,-3156.68397358659,321.2887035327437,0,0,0,0,0,0,0,0,0,0,0,0.006000000000000001,321.2887035327437,0.47140452078759804,18.615790367126465
172,3445.5863140798174,-3445.5863140798174,-3137.1399240587275,278.8709335879457,0,0,0,0,0,0,0,0,0,0,0,0.0096,278.8709335879457,0.4714045207876205,18.707175493240356
173,3445.5863140798174,-3445.5863140798174,-3048.207912116419,393.8733111365418,0,0,0,0,0,0,0,0,0,0,0,0.012000000000000002,393.8733111365418,0.4714045207876118,18.797746658325195
174,3445.5863140798174,-3445.5863140798174,-3033.017068073908,429.86940423736877,0,0,0,0,0,0,0,0,0,0,0,0.0076,429.86940423736877,0.4714045207876144,18.894803047180176
175,3445.5863140798174,-3445.5863140798174,-3115.6272711948536,327.66761284198725,0,0,0,0,0,0,0,0,0,0,0,0.0108,327.66761284198725,0.47140452078760753,18.990094661712646
176,3445.5863140798174,-3445.5863140798174,-3091.046144697244,300.65835420004584,0,0,0,0,0,0,0,0,0,0,0,0.0092,300.65835420004584,0.47140452078758893,19.112690448760986
177,3445.5863140798174,-3445.5863140798174,-3141.4055630764924,305.3030581232619,0,0,0,0,0,0,0,0,0,0,0,0.0068,305.3030581232619,0.47140452078760586,19.207109451293945
178,3445.5863140798174,-3445.5863140798174,-3158.2384099565197,348.931913982126,0,0,0,0,0,0,0,0,0,0,0,0.007200000000000001,348.931913982126,0.47140452078762,19.3054678440094
179,3445.5863140798174,-3445.5863140798174,-3180.0541044651686,279.97993819905616,0,0,0,0,0,0,0,0,0,0,0,0.007200000000000001,279.97993819905616,0.47140452078762224,19.402519702911377
180,3445.5863140798174,-3445.5863140798174,-3130.5951812668663,406.7632201701634,0,0,0,0,0,0,0,0,0,0,0,0.008400000000000001,406.7632201701634,0.4714045207876045,19.505363702774048
181,3445.5863140798174,-3445.5863140798174,-3174.9177180127417,302.09626883684086,0,0,0,0,0,0,0,0,0,0,0,0.005600000000000001,302.09626883684086,0.47140452078762307,19.60326337814331
182,3451.4308596674696,-3451.4308596674696,-3136.454377760896,394.6591860747973,0,0,0,0,0,0,0,0,0,0,0,0.0128,394.6591860747973,0.4714045207875881,19.69924259185791
183,3451.4308596674696,-3451.4308596674696,-3157.8984966154994,275.6211492487348,0,0,0,0,0,0,0,0,0,0,0,0.0108,275.6211492487348,0.47140452078758516,19.795544862747192
184,3451.4308596674696,-3451.4308596674696,-3101.1979578303326,312.5385190568327,0,0,0,0,0,0,0,0,0,0,0,0.007200000000000001,312.5385190568327,0.4714045207876097,19.93564534187317
185,3451.4308596674696,-3451.4308596674696,-3143.79343876261,363.8001122541708,0,0,0,0,0,0,0,0,0,0,0,0.01,363.8001122541708,0.47140452078760664,20.042707204818726
186,3473.258526928425,-3473.258526928425,-3200.7353047903957,272.26975602650504,0,0,0,0,0,0,0,0,0,0,0,0.008400000000000001,272.26975602650504,0.4714045207876174,20.185725688934326
187,3473.258526928425,-3473.258526928425,-3210.8663205238995,265.5837450743151,0,0,0,0,0,0,0,0,0,0,0,0.008,265.5837450743151,0.47140452078761536,20.292570114135742
188,3473.258526928425,-3473.258526928425,-3194.4425678385146,292.75167000819766,0,0,0,0,0,0,0,0,0,0,0,0.0064,292.75167000819766,0.4714045207876179,20.40169095993042
189,3473.258526928425,-3473.258526928425,-3163.2365159829906,268.06360967548244,0,0,0,0,0,0,0,0,0,0,0,0.009600000000000001,268.06360967548244,0.47140452078760187,20.505505323410034
190,3473.258526928425,-3473.258526928425,-3178.9952187508484,248.67038220769578,0,0,0,0,0,0,0,0,0,0,0,0.005600000000000001,248.67038220769578,0.47140452078761613,20.60164189338684
191,3473.258526928425,-3473.258526928425,-3169.0712122147606,306.89800470946483,0,0,0,0,0,0,0,0,0,0,0,0.0044,306.89800470946483,0.47140452078762823,20.70302152633667
192,3473.258526928425,-3473.258526928425,-3127.7018203449843,375.8965120942447,0,0,0,0,0,0,0,0,0,0,0,0.0088,375.8965120942447,0.4714045207876118,20.839243173599243
193,3473.258526928425,-3473.258526928425,-3127.270281134439,275.89472516102046,0,0,0,0,0,0,0,0,0,0,0,0.0124,275.89472516102046,0.47140452078760064,20.932127714157104
194,3473.258526928425,-3473.258526928425,-3052.3186746633046,443.8711923180009,0,0,0,0,0,0,0,0,0,0,0,0.0092,443.8711923180009,0.47140452078759937,21.068827867507935
195,3479.103072516077,-3479.103072516077,-3117.2189165843424,317.7451323014092,0,0,0,0,0,0,0,0,0,0,0,0.012400000000000001,317.7451323014092,0.47140452078757433,21.198188543319702
196,3479.103072516077,-3479.103072516077,-3190.9480004218954,250.63570534717292,0,0,0,0,0,0,0,0,0,0,0,0.008,250.63570534717292,0.4714045207876041,21.39920449256897
197,3479.103072516077,-3479.103072516077,-3188.7766093792334,297.94048750317666,0,0,0,0,0,0,0,0,0,0,0,0.008,297.94048750317666,0.47140452078760886,21.554275035858154
198,3479.103072516077,-3479.103072516077,-3210.664882081246,259.72087192398953,0,0,0,0,0,0,0,0,0,0,0,0.0072,259.72087192398953,0.4714045207876227,21.67967176437378
199,3479.103072516077,-3479.103072516077,-3155.1895897448912,334.0646839949768,0,0,0,0,0,0,0,0,0,0,0,0.004,334.0646839949768,0.47140452078760975,21.833393573760986
200,3479.103072516077,-3479.103072516077,-3125.430135641282,412.94803295208266,0,0,0,0,0,0,0,0,0,0,0,0.0088,412.94803295208266,0.47140452078760925,21.983009815216064
201,3479.103072516077,-3479.103072516077,-3147.441334920727,340.6468840990301,0,0,0,0,0,0,0,0,0,0,0,0.007200000000000001,340.6468840990301,0.4714045207876174,22.09185814857483
202,3479.103072516077,-3479.103072516077,-3140.6361464227493,376.9452610109465,0,0,0,0,0,0,0,0,0,0,0,0.012000000000000002,376.9452610109465,0.4714045207876278,22.196553468704224
203,3479.103072516077,-3479.103072516077,-3162.2790665688644,357.58165929281006,0,0,0,0,0,0,0,0,0,0,0,0.0064,357.58165929281006,0.4714045207876257,22.304199695587158
204,3479.103072516077,-3479.103072516077,-3162.2504344228732,293.44556849546626,0,0,0,0,0,0,0,0,0,0,0,0.008400000000000001,293.44556849546626,0.47140452078760364,22.404680013656616
205,3479.103072516077,-3479.103072516077,-3149.386209243958,345.80736583374386,0,0,0,0,0,0,0,0,0,0,0,0.0152,345.80736583374386,0.4714045207875911,22.492591619491577
206,3479.103072516077,-3479.103072516077,-3153.419816362973,311.43995281878875,0,0,0,0,0,0,0,0,0,0,0,0.008400000000000001,311.43995281878875,0.4714045207876179,22.591691255569458
207,3479.103072516077,-3479.103072516077,-3196.984346445771,243.17848832880267,0,0,0,0,0,0,0,0,0,0,0,0.0068,243.17848832880267,0.4714045207876118,22.699641942977905
208,3479.103072516077,-3479.103072516077,-3235.5275133826344,244.76416400200696,0,0,0,0,0,0,0,0,0,0,0,0.0092,244.76416400200696,0.4714045207876071,22.80368208885193
209,3479.103072516077,-3479.103072516077,-3206.1102525198526,361.8586215517307,0,0,0,0,0,0,0,0,0,0,0,0.0088,361.8586215517307,0.4714045207876127,22.90306782722473
210,3479.103072516077,-3479.103072516077,-3238.691771127575,240.69873240577567,0,0,0,0,0,0,0,0,0,0,0,0.006000000000000001,240.69873240577567,0.47140452078762046,23.0096435546875
211,3479.103072516077,-3479.103072516077,-3148.9868702216404,390.3126636350496,0,0,0,0,0,0,0,0,0,0,0,0.0084,390.3126636350496,0.47140452078761536,23.117794513702393
212,3479.103072516077,-3479.103072516077,-3163.331820177719,341.25445577336086,0,0,0,0,0,0,0,0,0,0,0,0.005600000000000001,341.25445577336086,0.47140452078760753,23.214635372161865
213,3479.103072516077,-3479.103072516077,-3144.842397621619,368.2607344349348,0,0,0,0,0,0,0,0,0,0,0,0.006000000000000001,368.2607344349348,0.47140452078759976,23.332396507263184
214,3479.103072516077,-3479.103072516077,-3180.132069308778,269.9438372103301,0,0,0,0,0,0,0,0,0,0,0,0.0096,269.9438372103301,0.4714045207875885,23.452969789505005
215,3479.103072516077,-3479.103072516077,-3160.4690018590277,380.89555494121623,0,0,0,0,0,0,0,0,0,0,0,0.0048,380.89555494121623,0.4714045207876179,23.55337119102478
216,3479.103072516077,-3479.103072516077,-3211.7191869890266,339.0262256596675,0,0,0,0,0,0,0,0,0,0,0,0.0076,339.0262256596675,0.47140452078761536,23.647059679031372
217,3479.103072516077,-3479.103072516077,-3204.9583077020493,250.25981771207114,0,0,0,0,0,0,0,0,0,0,0,0.0064,250.25981771207114,0.4714045207876122,23.78531837463379
218,3479.103072516077,-3479.103072516077,-3158.299503904602,286.5558266664157,0,0,0,0,0,0,0,0,0,0,0,0.011600000000000001,286.5558266664157,0.4714045207875825,23.898778676986694
219,3479.103072516077,-3479.103072516077,-3217.200834809283,257.91492436598696,0,0,0,0,0,0,0,0,0,0,0,0.004,257.91492436598696,0.4714045207876041,24.0228168964386
220,3479.103072516077,-3479.103072516077,-3136.242347399363,383.08062782970535,0,0,0,0,0,0,0,0,0,0,0,0.0128,383.08062782970535,0.4714045207875876,24.11244034767151
221,3479.103072516077,-3479.103072516077,-3216.9615260349947,270.5216870575475,0,0,0,0,0,0,0,0,0,0,0,0.008,270.5216870575475,0.4714045207876005,24.205188512802124
222,3479.103072516077,-3479.103072516077,-3136.649953671264,412.9519625946808,0,0,0,0,0,0,0,0,0,0,0,0.006000000000000001,412.9519625946808,0.47140452078762823,24.297571659088135
223,3479.103072516077,-3479.103072516077,-3175.7575863316824,307.28102001680816,0,0,0,0,0,0,0,0,0,0,0,0.0044,307.28102001680816,0.4714045207876283,24.400338172912598
224,3479.103072516077,-3479.103072516077,-3228.0191035947764,260.92227303081177,0,0,0,0,0,0,0,0,0,0,0,0.0068000000000000005,260.92227303081177,0.4714045207876257,24.506394386291504
225,3479.103072516077,-3479.103072516077,-3199.461719599004,330.66311548122,0,0,0,0,0,0,0,0,0,0,0,0.007600000000000001,330.66311548122,0.47140452078760975,24.600998163223267
226,3479.103072516077,-3479.103072516077,-3173.0641402677197,391.1270168732943,0,0,0,0,0,0,0,0,0,0,0,0.0052,391.1270168732943,0.47140452078761486,24.709354162216187
227,3479.103072516077,-3479.103072516077,-3128.1481028634425,395.99135507441224,0,0,0,0,0,0,0,0,0,0,0,0.004,395.99135507441224,0.47140452078762,24.81286883354187
228,3479.103072516077,-3479.103072516077,-3197.8926795356615,292.5664476053292,0,0,0,0,0,0,0,0,0,0,0,0.005600000000000001,292.5664476053292,0.4714045207876197,24.907176733016968
229,3479.103072516077,-3479.103072516077,-3193.132853741918,272.99064359489904,0,0,0,0,0,0,0,0,0,0,0,0.0068000000000000005,272.99064359489904,0.47140452078761,25.013586282730103
230,3479.103072516077,-3479.103072516077,-3179.3291847543546,304.6613625225623,0,0,0,0,0,0,0,0,0,0,0,0.0048000000000000004,304.6613625225623,0.4714045207876334,25.105246543884277
231,3479.103072516077,-3479.103072516077,-3159.989829697177,305.7270429704394,0,0,0,0,0,0,0,0,0,0,0,0.0088,305.7270429704394,0.4714045207876015,25.204681634902954
232,3479.103072516077,-3479.103072516077,-3128.4063137775024,357.44688932673034,0,0,0,0,0,0,0,0,0,0,0,0.011200000000000002,357.44688932673034,0.4714045207875933,25.301057815551758
233,3479.103072516077,-3479.103072516077,-3192.517327541658,254.7059686145773,0,0,0,0,0,0,0,0,0,0,0,0.009200000000000002,254.7059686145773,0.47140452078760925,25.414324522018433
234,3479.103072516077,-3479.103072516077,-3106.5921702282667,409.80943294435576,0,0,0,0,0,0,0,0,0,0,0,0.0104,409.80943294435576,0.4714045207876097,25.52297592163086
235,3479.103072516077,-3479.103072516077,-3102.209268102901,401.1567660412144,0,0,0,0,0,0,0,0,0,0,0,0.011600000000000001,401.1567660412144,0.4714045207876011,25.627694129943848
236,3479.103072516077,-3479.103072516077,-3190.5671106310165,299.4801260071933,0,0,0,0,0,0,0,0,0,0,0,0.008,299.4801260071933,0.4714045207876122,25.720221519470215
237,3479.103072516077,-3479.103072516077,-3240.8467216692457,241.51689847994018,0,0,0,0,0,0,0,0,0,0,0,0.002,241.51689847994018,0.4714045207876253,25.816545009613037
238,3479.103072516077,-3479.103072516077,-3156.5328593363297,389.8744961998937,0,0,0,0,0,0,0,0,0,0,0,0.0076,389.8744961998937,0.47140452078761486,25.925376415252686
239,3479.103072516077,-3479.103072516077,-3158.3471997681686,353.79042683764004,0,0,0,0,0,0,0,0,0,0,0,0.008400000000000001,353.79042683764004,0.4714045207876248,26.028147220611572
240,3479.103072516077,-3479.103072516077,-3151.6965699674342,343.28503428842396,0,0,0,0,0,0,0,0,0,0,0,0.008400000000000001,343.28503428842396,0.47140452078761447,26.121995210647583
241,3479.103072516077,-3479.103072516077,-3152.7491930901238,313.87644628751855,0,0,0,0,0,0,0,0,0,0,0,0.013600000000000001,313.87644628751855,0.47140452078760364,26.259143114089966
242,3479.103072516077,-3479.103072516077,-3191.5889077902034,257.690096630109,0,0,0,0,0,0,0,0,0,0,0,0.008400000000000001,257.690096630109,0.47140452078760625,26.386521577835083
243,3479.103072516077,-3479.103072516077,-3180.710624784356,341.7273721116643,0,0,0,0,0,0,0,0,0,0,0,0.006000000000000001,341.7273721116643,0.4714045207876179,26.4894540309906
244,3479.103072516077,-3479.103072516077,-3208.516192820983,233.86645942596388,0,0,0,0,0,0,0,0,0,0,0,0.0044,233.86645942596388,0.4714045207876386,26.586924076080322
245,3479.103072516077,-3479.103072516077,-3199.84731738139,283.577514490214,0,0,0,0,0,0,0,0,0,0,0,0.0052,283.577514490214,0.47140452078762435,26.695496797561646
246,3479.103072516077,-3479.103072516077,-3211.4487929512848,279.27949861141593,0,0,0,0,0,0,0,0,0,0,0,0.0108,279.27949861141593,0.47140452078760925,26.79439401626587
247,3506.0500635532094,-3506.0500635532094,-3232.4228552301465,242.44430437105405,0,0,0,0,0,0,0,0,0,0,0,0.0076,242.44430437105405,0.47140452078761014,26.893946886062622
248,3506.0500635532094,-3506.0500635532094,-3196.6124772271082,308.3023549954382,0,0,0,0,0,0,0,0,0,0,0,0.008,308.3023549954382,0.47140452078761486,27.000349521636963
249,3506.0500635532094,-3506.0500635532094,-3192.038098696856,376.52749895626926,0,0,0,0,0,0,0,0,0,0,0,0.0068000000000000005,376.52749895626926,0.47140452078762307,27.1116144657135
250,3506.0500635532094,-3506.0500635532094,-3252.964572861816,268.82728835680075,0,0,0,0,0,0,0,0,0,0,0,0.002,268.82728835680075,0.4714045207876434,27.223317861557007
251,3506.0500635532094,-3506.0500635532094,-3178.042812320838,347.41178117533605,0,0,0,0,0,0,0,0,0,0,0,0.0088,347.41178117533605,0.4714045207876045,27.335665225982666
252,3506.0500635532094,-3506.0500635532094,-3206.106550137473,320.81434226408425,0,0,0,0,0,0,0,0,0,0,0,0.0076,320.81434226408425,0.4714045207876122,27.432185649871826
253,3506.0500635532094,-3506.0500635532094,-3197.8918520574807,325.20742194305876,0,0,0,0,0,0,0,0,0,0,0,0.004,325.20742194305876,0.47140452078762224,27.52776861190796
254,3506.0500635532094,-3506.0500635532094,-3229.4375059152976,238.23957474723954,0,0,0,0,0,0,0,0,0,0,0,0.0132,238.23957474723954,0.4714045207876118,27.622337579727173
255,3506.0500635532094,-3506.0500635532094,-3180.424327593683,348.3237178595563,0,0,0,0,0,0,0,0,0,0,0,0.006000000000000001,348.3237178595563,0.4714045207876283,27.72775387763977
256,3506.0500635532094,-3506.0500635532094,-3134.7897444124887,321.5083667198395,0,0,0,0,0,0,0,0,0,0,0,0.012000000000000002,321.5083667198395,0.4714045207875903,27.82321858406067
257,3506.0500635532094,-3506.0500635532094,-3143.863608167348,346.2350620057428,0,0,0,0,0,0,0,0,0,0,0,0.007200000000000001,346.2350620057428,0.47140452078760064,27.9334933757782
258,3506.0500635532094,-3506.0500635532094,-3205.1504701393533,311.94281509284224,0,0,0,0,0,0,0,0,0,0,0,0.0036,311.94281509284224,0.47140452078762524,28.04538083076477
259,3506.0500635532094,-3506.0500635532094,-3182.2010817998384,330.68729243380136,0,0,0,0,0,0,0,0,0,0,0,0.006000000000000001,330.68729243380136,0.47140452078762046,28.1461923122406
260,3506.0500635532094,-3506.0500635532094,-3136.4484353214707,398.17768525364863,0,0,0,0,0,0,0,0,0,0,0,0.008,398.17768525364863,0.47140452078762,28.267830848693848
261,3506.0500635532094,-3506.0500635532094,-3179.2324180250357,354.0623232933489,0,0,0,0,0,0,0,0,0,0,0,0.004,354.0623232933489,0.4714045207876104,28.402474880218506
262,3506.0500635532094,-3506.0500635532094,-3204.170791322399,309.41180373709193,0,0,0,0,0,0,0,0,0,0,0,0.004,309.41180373709193,0.4714045207876227,28.504566192626953
263,3506.0500635532094,-3506.0500635532094,-3158.797421228369,382.3462368246927,0,0,0,0,0,0,0,0,0,0,0,0.008,382.3462368246927,0.4714045207876118,28.601800441741943
264,3506.0500635532094,-3506.0500635532094,-3208.569629615553,308.8827212628486,0,0,0,0,0,0,0,0,0,0,0,0.006400000000000001,308.8827212628486,0.4714045207876127,28.700834035873413
265,3506.0500635532094,-3506.0500635532094,-3204.464771401293,385.50827768177044,0,0,0,0,0,0,0,0,0,0,0,0.0064,385.50827768177044,0.4714045207876122,28.81107473373413
266,3506.0500635532094,-3506.0500635532094,-3199.8552442750347,337.4915989471894,0,0,0,0,0,0,0,0,0,0,0,0.008,337.4915989471894,0.4714045207876122,28.916192293167114
267,3506.0500635532094,-3506.0500635532094,-3212.202217169944,338.04124461871874,0,0,0,0,0,0,0,0,0,0,0,0.0092,338.04124461871874,0.47140452078759937,29.03289222717285
268,3506.0500635532094,-3506.0500635532094,-3167.509839641913,390.72509517486657,0,0,0,0,0,0,0,0,0,0,0,0.005600000000000001,390.72509517486657,0.47140452078762257,29.137871026992798
269,3506.0500635532094,-3506.0500635532094,-3267.4537305399613,215.10103774261046,0,0,0,0,0,0,0,0,0,0,0,0.0048000000000000004,215.10103774261046,0.471404520787636,29.269903421401978
270,3506.0500635532094,-3506.0500635532094,-3223.8615016446765,253.857946516243,0,0,0,0,0,0,0,0,0,0,0,0.0092,253.857946516243,0.47140452078761697,29.451512813568115
271,3506.0500635532094,-3506.0500635532094,-3211.9268385103414,272.69161389719807,0,0,0,0,0,0,0,0,0,0,0,0.01,272.69161389719807,0.47140452078761486,29.563199996948242
272,3506.0500635532094,-3506.0500635532094,-3192.2697530758155,352.59101756674715,0,0,0,0,0,0,0,0,0,0,0,0.01,352.59101756674715,0.4714045207876037,29.65946674346924
273,3506.0500635532094,-3506.0500635532094,-3214.3908072669938,270.56816140576785,0,0,0,0,0,0,0,0,0,0,0,0.0096,270.56816140576785,0.4714045207876118,29.761961460113525
274,3506.0500635532094,-3506.0500635532094,-3225.978007469031,263.1420891596003,0,0,0,0,0,0,0,0,0,0,0,0.0068000000000000005,263.1420891596003,0.471404520787601,29.968769073486328
275,3506.0500635532094,-3506.0500635532094,-3236.894373609204,294.3208737343976,0,0,0,0,0,0,0,0,0,0,0,0.013600000000000003,294.3208737343976,0.47140452078760237,30.059620141983032
276,3506.0500635532094,-3506.0500635532094,-3263.5738301492306,254.3782638159084,0,0,0,0,0,0,0,0,0,0,0,0.0076,254.3782638159084,0.47140452078762524,30.172445058822632
277,3506.0500635532094,-3506.0500635532094,-3213.9836604962384,336.7697654115641,0,0,0,0,0,0,0,0,0,0,0,0.01,336.7697654115641,0.4714045207875985,30.266996383666992
278,3506.0500635532094,-3506.0500635532094,-3181.1581192315584,355.03015378946503,0,0,0,0,0,0,0,0,0,0,0,0.0092,355.03015378946503,0.47140452078761264,30.37158513069153
279,3506.0500635532094,-3506.0500635532094,-3221.5274701348076,300.1631238325403,0,0,0,0,0,0,0,0,0,0,0,0.01,300.1631238325403,0.4714045207876063,30.462921857833862
280,3506.0500635532094,-3506.0500635532094,-3243.240525590908,322.3089021218359,0,0,0,0,0,0,0,0,0,0,0,0.006400000000000001,322.3089021218359,0.47140452078762,30.567649602890015
281,3506.0500635532094,-3506.0500635532094,-3259.712610123244,273.5168187198348,0,0,0,0,0,0,0,0,0,0,0,0.0076,273.5168187198348,0.47140452078762224,30.680572509765625
282,3506.0500635532094,-3506.0500635532094,-3246.877650615044,221.11212402056566,0,0,0,0,0,0,0,0,0,0,0,0.0044,221.11212402056566,0.4714045207876412,30.7783100605011
283,3506.0500635532094,-3506.0500635532094,-3130.886216991093,378.5172645013741,0,0,0,0,0,0,0,0,0,0,0,0.005599999999999999,378.5172645013741,0.4714045207876169,30.88060688972473
284,3506.0500635532094,-3506.0500635532094,-3166.293508975108,282.97222253290846,0,0,0,0,0,0,0,0,0,0,0,0.008400000000000001,282.97222253290846,0.47140452078761697,30.991978645324707
285,3506.0500635532094,-3506.0500635532094,-3201.6686383165525,287.19244953845407,0,0,0,0,0,0,0,0,0,0,0,0.0048,287.19244953845407,0.4714045207876253,31.092225790023804
286,3506.0500635532094,-3506.0500635532094,-3165.268019560968,337.8089695584473,0,0,0,0,0,0,0,0,0,0,0,0.009600000000000001,337.8089695584473,0.47140452078761147,31.18843984603882
287,3506.0500635532094,-3506.0500635532094,-3151.5526420071456,316.13346405262956,0,0,0,0,0,0,0,0,0,0,0,0.005600000000000001,316.13346405262956,0.471404520787614,31.289344787597656
288,3506.0500635532094,-3506.0500635532094,-3164.933363028041,310.0569143707242,0,0,0,0,0,0,0,0,0,0,0,0.01,310.0569143707242,0.4714045207876015,31.399641752243042
289,3506.0500635532094,-3506.0500635532094,-3148.3679145696383,295.66570439390154,0,0,0,0,0,0,0,0,0,0,0,0.010000000000000002,295.66570439390154,0.47140452078761014,31.518696069717407
290,3506.0500635532094,-3506.0500635532094,-3183.4487548995135,271.2996488139117,0,0,0,0,0,0,0,0,0,0,0,0.009999999999999998,271.2996488139117,0.47140452078762307,31.615185737609863
291,3506.0500635532094,-3506.0500635532094,-3118.704709361405,396.99826130413237,0,0,0,0,0,0,0,0,0,0,0,0.0104,396.99826130413237,0.4714045207876019,31.72695302963257
292,3506.0500635532094,-3506.0500635532094,-3145.784497170587,419.64361814119076,0,0,0,0,0,0,0,0,0,0,0,0.0104,419.64361814119076,0.4714045207875933,31.839142084121704
293,3506.0500635532094,-3506.0500635532094,-3215.890788323282,267.78831412911234,0,0,0,0,0,0,0,0,0,0,0,0.008,267.78831412911234,0.4714045207875937,31.94709348678589
294,3506.0500635532094,-3506.0500635532094,-3162.56994528992,362.24174156983764,0,0,0,0,0,0,0,0,0,0,0,0.012000000000000002,362.24174156983764,0.4714045207875859,32.05121064186096
295,3506.0500635532094,-3506.0500635532094,-3208.8152140207662,236.64717460470584,0,0,0,0,0,0,0,0,0,0,0,0.0076,236.64717460470584,0.4714045207876102,32.14535880088806
296,3506.0500635532094,-3506.0500635532094,-3213.8366574106067,269.79108640770744,0,0,0,0,0,0,0,0,0,0,0,0.0088,269.79108640770744,0.4714045207876097,32.263922452926636
297,3506.0500635532094,-3506.0500635532094,-3126.40139084132,423.26000109486563,0,0,0,0,0,0,0,0,0,0,0,0.0088,423.26000109486563,0.4714045207876118,32.47554159164429
298,3506.0500635532094,-3506.0500635532094,-3148.5257961892926,305.6462221858518,0,0,0,0,0,0,0,0,0,0,0,0.007200000000000001,305.6462221858518,0.4714045207876015,32.573039293289185
299,3506.0500635532094,-3506.0500635532094,-3112.9929276258745,289.1539232598437,0,0,0,0,0,0,0,0,0,0,0,0.012000000000000002,289.1539232598437,0.4714045207875496,32.70536732673645
300,3506.0500635532094,-3506.0500635532094,-3126.892619894037,252.9085216487134,0,0,0,0,0,0,0,0,0,0,0,0.011200000000000002,252.9085216487134,0.4714045207875678,32.80617666244507
301,3506.0500635532094,-3506.0500635532094,-3074.8707253548682,395.0535282432738,0,0,0,0,0,0,0,0,0,0,0,0.009600000000000001,395.0535282432738,0.4714045207875959,32.91413402557373
302,3506.0500635532094,-3506.0500635532094,-3114.626437391125,335.56758326077437,0,0,0,0,0,0,0,0,0,0,0,0.0088,335.56758326077437,0.4714045207875933,33.02698254585266
303,3506.0500635532094,-3506.0500635532094,-3189.456776027048,270.62400332452006,0,0,0,0,0,0,0,0,0,0,0,0.011600000000000001,270.62400332452006,0.4714045207876019,33.12864708900452
304,3506.0500635532094,-3506.0500635532094,-3136.230722824193,341.80442606544335,0,0,0,0,0,0,0,0,0,0,0,0.0076,341.80442606544335,0.4714045207876045,33.23149847984314
305,3506.0500635532094,-3506.0500635532094,-3108.8454306764816,434.296292451385,0,0,0,0,0,0,0,0,0,0,0,0.0064,434.296292451385,0.4714045207876248,33.33753728866577
306,3506.0500635532094,-3506.0500635532094,-3160.6862500335887,307.0044883138648,0,0,0,0,0,0,0,0,0,0,0,0.0044,307.0044883138648,0.47140452078761963,33.489661693573
307,3506.0500635532094,-3506.0500635532094,-3137.9399410780384,371.03336436601415,0,0,0,0,0,0,0,0,0,0,0,0.0092,371.03336436601415,0.4714045207876032,33.58625936508179
308,3506.0500635532094,-3506.0500635532094,-3210.7651839749224,285.853197318291,0,0,0,0,0,0,0,0,0,0,0,0.0096,285.853197318291,0.4714045207876045,33.703086614608765
309,3506.0500635532094,-3506.0500635532094,-3178.0500241166906,278.22063470036113,0,0,0,0,0,0,0,0,0,0,0,0.011600000000000001,278.22063470036113,0.47140452078759415,33.80620312690735
310,3506.0500635532094,-3506.0500635532094,-3125.4761880204746,402.88745851665874,0,0,0,0,0,0,0,0,0,0,0,0.015600000000000001,402.88745851665874,0.4714045207875855,33.909716844558716
311,3506.0500635532094,-3506.0500635532094,-3152.1730716770135,365.7386068605088,0,0,0,0,0,0,0,0,0,0,0,0.0132,365.7386068605088,0.4714045207875855,34.016830921173096
312,3506.0500635532094,-3506.0500635532094,-3221.159913949245,327.14384906731306,0,0,0,0,0,0,0,0,0,0,0,0.0068000000000000005,327.14384906731306,0.471404520787617,34.13168239593506
313,3506.0500635532094,-3506.0500635532094,-3189.809031358044,296.1019945680218,0,0,0,0,0,0,0,0,0,0,0,0.0068000000000000005,296.1019945680218,0.47140452078761536,34.23743772506714
314,3506.0500635532094,-3506.0500635532094,-3148.446007705657,372.9978058737344,0,0,0,0,0,0,0,0,0,0,0,0.009600000000000001,372.9978058737344,0.4714045207875838,34.332679271698
315,3506.0500635532094,-3506.0500635532094,-3171.257673240945,308.9421970520034,0,0,0,0,0,0,0,0,0,0,0,0.016,308.9421970520034,0.4714045207875699,34.438312292099
316,3506.0500635532094,-3506.0500635532094,-3112.3969745658455,356.0664712570764,0,0,0,0,0,0,0,0,0,0,0,0.0152,356.0664712570764,0.4714045207875669,34.54706692695618
317,3506.0500635532094,-3506.0500635532094,-3194.097475503399,278.5012780891671,0,0,0,0,0,0,0,0,0,0,0,0.014400000000000001,278.5012780891671,0.4714045207875627,34.64833950996399
318,3506.0500635532094,-3506.0500635532094,-3176.150763752885,325.02912147166097,0,0,0,0,0,0,0,0,0,0,0,0.01,325.02912147166097,0.4714045207875989,34.754536390304565
319,3506.0500635532094,-3506.0500635532094,-3233.424080230117,236.4528840680832,0,0,0,0,0,0,0,0,0,0,0,0.0072,236.4528840680832,0.47140452078760364,34.86352896690369
320,3506.0500635532094,-3506.0500635532094,-3208.0904325759893,301.7567766974089,0,0,0,0,0,0,0,0,0,0,0,0.008,301.7567766974089,0.4714045207876122,34.96909165382385
321,3506.0500635532094,-3506.0500635532094,-3188.04957502104,306.93978735284276,0,0,0,0,0,0,0,0,0,0,0,0.0052,306.93978735284276,0.4714045207876278,35.07038378715515
322,3506.0500635532094,-3506.0500635532094,-3197.804849471888,294.2741339874922,0,0,0,0,0,0,0,0,0,0,0,0.0092,294.2741339874922,0.4714045207876093,35.16644763946533
323,3506.0500635532094,-3506.0500635532094,-3244.8949605280673,272.2330446193828,0,0,0,0,0,0,0,0,0,0,0,0.0027999999999999995,272.2330446193828,0.4714045207876356,35.26714754104614
324,3506.0500635532094,-3506.0500635532094,-3280.6674989992666,292.45363453500977,0,0,0,0,0,0,0,0,0,0,0,0.0064,292.45363453500977,0.4714045207876253,35.3748242855072
325,3506.0500635532094,-3506.0500635532094,-3250.279464072149,240.67008253176306,0,0,0,0,0,0,0,0,0,0,0,0.0076,240.67008253176306,0.47140452078762046,35.47287654876709
326,3506.0500635532094,-3506.0500635532094,-3245.2394074731583,245.83345023908794,0,0,0,0,0,0,0,0,0,0,0,0.0096,245.83345023908794,0.471404520787627,35.57067942619324
327,3506.0500635532094,-3506.0500635532094,-3219.2336349068896,307.2730530724353,0,0,0,0,0,0,0,0,0,0,0,0.0044,307.2730530724353,0.4714045207876309,35.667754888534546
328,3506.0500635532094,-3506.0500635532094,-3193.0266060443987,325.87993192624737,0,0,0,0,0,0,0,0,0,0,0,0.0104,325.87993192624737,0.47140452078761963,35.76902532577515
329,3506.0500635532094,-3506.0500635532094,-3190.9076524008547,315.12206559979154,0,0,0,0,0,0,0,0,0,0,0,0.006400000000000001,315.12206559979154,0.4714045207876149,35.87225890159607
330,3506.0500635532094,-3506.0500635532094,-3166.756802222346,371.68744212603036,0,0,0,0,0,0,0,0,0,0,0,0.0064,371.68744212603036,0.47140452078762046,35.96850514411926
331,3506.0500635532094,-3506.0500635532094,-3146.878110018838,370.1692767113874,0,0,0,0,0,0,0,0,0,0,0,0.0068000000000000005,370.1692767113874,0.4714045207876334,36.075451374053955
332,3506.0500635532094,-3506.0500635532094,-3126.302299587658,390.0580864347491,0,0,0,0,0,0,0,0,0,0,0,0.0076,390.0580864347491,0.47140452078761486,36.16372489929199
333,3506.0500635532094,-3506.0500635532094,-3208.4928526159206,270.7257775520189,0,0,0,0,0,0,0,0,0,0,0,0.006000000000000001,270.7257775520189,0.4714045207876037,36.27652454376221
334,3506.0500635532094,-3506.0500635532094,-3226.513822357389,298.3968739636417,0,0,0,0,0,0,0,0,0,0,0,0.0108,298.3968739636417,0.4714045207875928,36.38276505470276
335,3506.0500635532094,-3506.0500635532094,-3236.908911244595,270.8277363013125,0,0,0,0,0,0,0,0,0,0,0,0.011600000000000001,270.8277363013125,0.4714045207876045,36.521496057510376
336,3506.0500635532094,-3506.0500635532094,-3140.023658024742,347.88539014998787,0,0,0,0,0,0,0,0,0,0,0,0.0108,347.88539014998787,0.47140452078759115,36.63421010971069
337,3506.0500635532094,-3506.0500635532094,-3070.2190165649413,394.74278527900384,0,0,0,0,0,0,0,0,0,0,0,0.0092,394.74278527900384,0.47140452078757294,36.748473167419434
338,3506.0500635532094,-3506.0500635532094,-3087.00170824414,339.16216576369743,0,0,0,0,0,0,0,0,0,0,0,0.0088,339.16216576369743,0.4714045207876019,36.847819805145264
339,3506.0500635532094,-3506.0500635532094,-3140.583363474941,301.9362423201533,0,0,0,0,0,0,0,0,0,0,0,0.011200000000000002,301.9362423201533,0.47140452078759065,36.94978189468384
340,3506.0500635532094,-3506.0500635532094,-3112.401248589984,370.6965497152068,0,0,0,0,0,0,0,0,0,0,0,0.0088,370.6965497152068,0.47140452078758516,37.04590153694153
341,3506.0500635532094,-3506.0500635532094,-3217.7906323692737,291.39127845893654,0,0,0,0,0,0,0,0,0,0,0,0.0088,291.39127845893654,0.4714045207875937,37.13772225379944
342,3506.0500635532094,-3506.0500635532094,-3183.782572415129,308.5559917973189,0,0,0,0,0,0,0,0,0,0,0,0.0124,308.5559917973189,0.47140452078758854,37.23152828216553
343,3506.0500635532094,-3506.0500635532094,-3190.1924072823645,313.1047383314108,0,0,0,0,0,0,0,0,0,0,0,0.012000000000000002,313.1047383314108,0.47140452078760664,37.33240079879761
344,3506.0500635532094,-3506.0500635532094,-3209.149785672496,428.6479415983308,0,0,0,0,0,0,0,0,0,0,0,0.0088,428.6479415983308,0.4714045207876127,37.430357694625854
345,3506.0500635532094,-3506.0500635532094,-3178.8124276807926,388.78751953860416,0,0,0,0,0,0,0,0,0,0,0,0.018000000000000002,388.78751953860416,0.47140452078759065,37.546910524368286
346,3506.0500635532094,-3506.0500635532094,-3180.6505109676655,299.644535284595,0,0,0,0,0,0,0,0,0,0,0,0.011600000000000001,299.644535284595,0.4714045207876023,37.77919888496399
347,3506.0500635532094,-3506.0500635532094,-3155.1250108866598,325.2176205060371,0,0,0,0,0,0,0,0,0,0,0,0.012799999999999999,325.2176205060371,0.4714045207875962,37.8830680847168
348,3506.0500635532094,-3506.0500635532094,-3151.911253707028,330.83991518446356,0,0,0,0,0,0,0,0,0,0,0,0.0132,330.83991518446356,0.4714045207875751,38.00549340248108
349,3506.0500635532094,-3506.0500635532094,-3140.0086561866165,384.86870226325254,0,0,0,0,0,0,0,0,0,0,0,0.016800000000000002,384.86870226325254,0.47140452078757,38.20626211166382
350,3506.0500635532094,-3506.0500635532094,-3135.3086356074323,351.6670028657407,0,0,0,0,0,0,0,0,0,0,0,0.008400000000000001,351.6670028657407,0.47140452078759376,38.3012318611145
351,3506.0500635532094,-3506.0500635532094,-3245.9654681797983,256.4075157406951,0,0,0,0,0,0,0,0,0,0,0,0.0088,256.4075157406951,0.4714045207875894,38.408347845077515
352,3506.0500635532094,-3506.0500635532094,-3225.7001286438554,262.1529755321853,0,0,0,0,0,0,0,0,0,0,0,0.008,262.1529755321853,0.4714045207876149,38.50678610801697
353,3506.0500635532094,-3506.0500635532094,-3213.9087664359686,301.1075166928403,0,0,0,0,0,0,0,0,0,0,0,0.006000000000000001,301.1075166928403,0.4714045207876145,38.59986639022827
354,3506.0500635532094,-3506.0500635532094,-3209.557823194331,299.6265470055522,0,0,0,0,0,0,0,0,0,0,0,0.005600000000000001,299.6265470055522,0.47140452078762,38.70365595817566
355,3506.0500635532094,-3506.0500635532094,-3233.7324159733566,216.12157656630524,0,0,0,0,0,0,0,0,0,0,0,0.0076,216.12157656630524,0.4714045207876309,38.808289766311646
356,3506.0500635532094,-3506.0500635532094,-3169.172771387089,353.69361697962364,0,0,0,0,0,0,0,0,0,0,0,0.0092,353.69361697962364,0.47140452078762224,38.91447401046753
357,3506.0500635532094,-3506.0500635532094,-3189.4133224008256,356.25403591674643,0,0,0,0,0,0,0,0,0,0,0,0.008,356.25403591674643,0.4714045207876097,39.077943325042725
358,3506.0500635532094,-3506.0500635532094,-3197.5938422181125,308.52669732705874,0,0,0,0,0,0,0,0,0,0,0,0.0064,308.52669732705874,0.47140452078760925,39.179543018341064
359,3506.0500635532094,-3506.0500635532094,-3229.318664246261,271.444277836375,0,0,0,0,0,0,0,0,0,0,0,0.008,271.444277836375,0.4714045207876248,39.28299617767334
360,3506.0500635532094,-3506.0500635532094,-3232.3707275808138,291.18143593620675,0,0,0,0,0,0,0,0,0,0,0,0.0088,291.18143593620675,0.47140452078762435,39.40433669090271
361,3506.0500635532094,-3506.0500635532094,-3241.4234558922403,218.1688486566214,0,0,0,0,0,0,0,0,0,0,0,0.0064,218.1688486566214,0.47140452078763084,39.50047969818115
362,3506.0500635532094,-3506.0500635532094,-3164.737553797392,325.37823330737916,0,0,0,0,0,0,0,0,0,0,0,0.0048000000000000004,325.37823330737916,0.4714045207876118,39.60237216949463
363,3506.0500635532094,-3506.0500635532094,-3179.540535026579,332.119394934678,0,0,0,0,0,0,0,0,0,0,0,0.0084,332.119394934678,0.47140452078760664,39.6976158618927
364,3506.0500635532094,-3506.0500635532094,-3198.6093984786094,295.55738288136536,0,0,0,0,0,0,0,0,0,0,0,0.0152,295.55738288136536,0.4714045207875747,39.79325747489929
365,3506.0500635532094,-3506.0500635532094,-3203.2088392897567,407.2352288509222,0,0,0,0,0,0,0,0,0,0,0,0.0076,407.2352288509222,0.4714045207876122,39.89554452896118
366,3506.0500635532094,-3506.0500635532094,-3208.9568874610873,352.0013211010332,0,0,0,0,0,0,0,0,0,0,0,0.0084,352.0013211010332,0.47140452078760187,40.04508590698242
367,3506.0500635532094,-3506.0500635532094,-3163.562005157083,323.5477682585589,0,0,0,0,0,0,0,0,0,0,0,0.008400000000000001,323.5477682585589,0.47140452078760975,40.168495893478394
368,3506.0500635532094,-3506.0500635532094,-3231.042389305107,268.6731705485686,0,0,0,0,0,0,0,0,0,0,0,0.009200000000000002,268.6731705485686,0.471404520787605,40.40312051773071
369,3506.0500635532094,-3506.0500635532094,-3163.4682625088935,331.90082133678254,0,0,0,0,0,0,0,0,0,0,0,0.0124,331.90082133678254,0.4714045207875774,40.586390256881714
370,3506.0500635532094,-3506.0500635532094,-3181.1200682745202,278.71686571027124,0,0,0,0,0,0,0,0,0,0,0,0.0164,278.71686571027124,0.47140452078756395,40.69389820098877
371,3506.0500635532094,-3506.0500635532094,-3177.965627667004,267.7040841079933,0,0,0,0,0,0,0,0,0,0,0,0.0124,267.7040841079933,0.4714045207875834,40.79332232475281
372,3506.0500635532094,-3506.0500635532094,-3197.5175060375054,377.3092208956258,0,0,0,0,0,0,0,0,0,0,0,0.009600000000000001,377.3092208956258,0.4714045207875881,40.90030264854431
373,3506.0500635532094,-3506.0500635532094,-3200.2456620236135,308.3032625750478,0,0,0,0,0,0,0,0,0,0,0,0.0088,308.3032625750478,0.47140452078759415,41.00249218940735
374,3506.0500635532094,-3506.0500635532094,-3177.9615626402287,271.06531218962795,0,0,0,0,0,0,0,0,0,0,0,0.0064,271.06531218962795,0.4714045207875959,41.112170696258545
375,3506.0500635532094,-3506.0500635532094,-3174.1685015643784,281.72943009303395,0,0,0,0,0,0,0,0,0,0,0,0.008400000000000001,281.72943009303395,0.47140452078759326,41.21165370941162
376,3506.0500635532094,-3506.0500635532094,-3124.895311157286,390.5668827112333,0,0,0,0,0,0,0,0,0,0,0,0.008400000000000001,390.5668827112333,0.4714045207876045,41.30643606185913
377,3506.0500635532094,-3506.0500635532094,-3215.6512703020944,260.6178442829513,0,0,0,0,0,0,0,0,0,0,0,0.0068,260.6178442829513,0.4714045207876045,41.41557598114014
378,3506.0500635532094,-3506.0500635532094,-3121.0709387228394,442.94628606409907,0,0,0,0,0,0,0,0,0,0,0,0.0076,442.94628606409907,0.47140452078761785,41.52477216720581
379,3506.0500635532094,-3506.0500635532094,-3100.832526893137,381.0675333822077,0,0,0,0,0,0,0,0,0,0,0,0.008400000000000001,381.0675333822077,0.4714045207876144,41.678152322769165
380,3506.0500635532094,-3506.0500635532094,-3058.418315253907,410.3852424007653,0,0,0,0,0,0,0,0,0,0,0,0.0076,410.3852424007653,0.4714045207876139,41.78355360031128
381,3506.0500635532094,-3506.0500635532094,-3109.280808565387,310.41273896481727,0,0,0,0,0,0,0,0,0,0,0,0.013200000000000003,310.41273896481727,0.47140452078760314,41.876317262649536
382,3506.0500635532094,-3506.0500635532094,-3099.9768053210682,304.5823252169776,0,0,0,0,0,0,0,0,0,0,0,0.0064,304.5823252169776,0.47140452078761486,41.9780170917511
383,3506.0500635532094,-3506.0500635532094,-3138.7884190703558,341.06975697089183,0,0,0,0,0,0,0,0,0,0,0,0.006000000000000001,341.06975697089183,0.47140452078762046,42.087483167648315
384,3506.0500635532094,-3506.0500635532094,-3179.0959927636477,321.7666210388764,0,0,0,0,0,0,0,0,0,0,0,0.006,321.7666210388764,0.4714045207876179,42.18988513946533
385,3506.0500635532094,-3506.0500635532094,-3175.5636433011955,365.7328896020065,0,0,0,0,0,0,0,0,0,0,0,0.0068000000000000005,365.7328896020065,0.4714045207876071,42.2920355796814
386,3506.0500635532094,-3506.0500635532094,-3228.7215480537398,301.1598723141705,0,0,0,0,0,0,0,0,0,0,0,0.009600000000000001,301.1598723141705,0.4714045207875928,42.382871866226196
387,3506.0500635532094,-3506.0500635532094,-3262.136614172304,262.44531167176086,0,0,0,0,0,0,0,0,0,0,0,0.0092,262.44531167176086,0.47140452078759637,42.483622789382935
388,3506.0500635532094,-3506.0500635532094,-3259.876238212719,260.2628444462259,0,0,0,0,0,0,0,0,0,0,0,0.010400000000000003,260.2628444462259,0.4714045207876006,42.58321952819824
389,3506.0500635532094,-3506.0500635532094,-3257.763263524766,232.06813258331354,0,0,0,0,0,0,0,0,0,0,0,0.008,232.06813258331354,0.4714045207876174,42.693740129470825
390,3506.0500635532094,-3506.0500635532094,-3205.578855951805,333.7233097946258,0,0,0,0,0,0,0,0,0,0,0,0.008400000000000001,333.7233097946258,0.47140452078761963,42.79377841949463
391,3506.0500635532094,-3506.0500635532094,-3178.843931600624,350.05693240449256,0,0,0,0,0,0,0,0,0,0,0,0.0104,350.05693240449256,0.4714045207876118,42.90039110183716
392,3506.0500635532094,-3506.0500635532094,-3220.188400829949,305.3793986476291,0,0,0,0,0,0,0,0,0,0,0,0.01,305.3793986476291,0.47140452078759115,43.046202182769775
393,3506.0500635532094,-3506.0500635532094,-3226.787976376998,237.75637423395034,0,0,0,0,0,0,0,0,0,0,0,0.0104,237.75637423395034,0.47140452078758904,43.14281415939331
394,3506.0500635532094,-3506.0500635532094,-3196.146209745019,325.43108631330523,0,0,0,0,0,0,0,0,0,0,0,0.011600000000000001,325.43108631330523,0.47140452078759937,43.24572730064392
395,3506.0500635532094,-3506.0500635532094,-3211.2776331365067,273.80040771798434,0,0,0,0,0,0,0,0,0,0,0,0.0076,273.80040771798434,0.471404520787605,43.34933137893677
396,3506.0500635532094,-3506.0500635532094,-3131.9452869124593,420.94349555423605,0,0,0,0,0,0,0,0,0,0,0,0.011200000000000002,420.94349555423605,0.4714045207875859,43.56007504463196
397,3506.0500635532094,-3506.0500635532094,-3167.972218207816,338.1491890223337,0,0,0,0,0,0,0,0,0,0,0,0.01,338.1491890223337,0.47140452078757167,43.655426025390625
398,3506.0500635532094,-3506.0500635532094,-3210.215872192005,252.31420969130787,0,0,0,0,0,0,0,0,0,0,0,0.011600000000000001,252.31420969130787,0.4714045207875751,43.755335092544556
399,3506.0500635532094,-3506.0500635532094,-3170.5021115619647,342.9201941145952,0,0,0,0,0,0,0,0,0,0,0,0.015600000000000001,342.9201941145952,0.4714045207875834,43.8732635974884
400,3506.0500635532094,-3506.0500635532094,-3218.7568492213422,254.77965456036713,0,0,0,0,0,0,0,0,0,0,0,0.011200000000000002,254.77965456036713,0.4714045207876019,43.987802267074585
401,3506.0500635532094,-3506.0500635532094,-3157.1551074404233,362.2601962450115,0,0,0,0,0,0,0,0,0,0,0,0.008400000000000001,362.2601962450115,0.4714045207876283,44.11133289337158
402,3506.0500635532094,-3506.0500635532094,-3184.6165627982623,369.729040991945,0,0,0,0,0,0,0,0,0,0,0,0.0088,369.729040991945,0.4714045207876278,44.22045564651489
403,3506.0500635532094,-3506.0500635532094,-3188.9721806172147,316.8019142773201,0,0,0,0,0,0,0,0,0,0,0,0.0104,316.8019142773201,0.47140452078762,44.40783357620239
404,3506.0500635532094,-3506.0500635532094,-3205.2112937354086,328.7629318422208,0,0,0,0,0,0,0,0,0,0,0,0.0032,328.7629318422208,0.471404520787633,44.63421607017517
405,3506.0500635532094,-3506.0500635532094,-3181.7179320555733,384.5416609699695,0,0,0,0,0,0,0,0,0,0,0,0.0088,384.5416609699695,0.4714045207876015,44.74064016342163
406,3506.0500635532094,-3506.0500635532094,-3178.1008555449707,323.9921728782527,0,0,0,0,0,0,0,0,0,0,0,0.005600000000000001,323.9921728782527,0.47140452078762307,44.83916926383972
407,3506.0500635532094,-3506.0500635532094,-3177.0608805408806,363.41440124669566,0,0,0,0,0,0,0,0,0,0,0,0.013600000000000001,363.41440124669566,0.47140452078758294,44.93777084350586
408,3506.0500635532094,-3506.0500635532094,-3168.992771720096,384.6923034282971,0,0,0,0,0,0,0,0,0,0,0,0.007200000000000001,384.6923034282971,0.4714045207876093,45.0559446811676
409,3506.0500635532094,-3506.0500635532094,-3215.5056796967347,294.6248394766806,0,0,0,0,0,0,0,0,0,0,0,0.015600000000000001,294.6248394766806,0.47140452078759326,45.15806579589844
410,3506.0500635532094,-3506.0500635532094,-3134.1602242366066,368.42583626956616,0,0,0,0,0,0,0,0,0,0,0,0.009600000000000001,368.42583626956616,0.4714045207875967,45.26066279411316
411,3506.0500635532094,-3506.0500635532094,-3185.8813279497385,327.38692042344485,0,0,0,0,0,0,0,0,0,0,0,0.006000000000000001,327.38692042344485,0.4714045207876071,45.37901544570923
412,3506.0500635532094,-3506.0500635532094,-3233.7564583003787,245.5414599036576,0,0,0,0,0,0,0,0,0,0,0,0.0048,245.5414599036576,0.47140452078763084,45.50075674057007
413,3506.0500635532094,-3506.0500635532094,-3178.590142004476,376.8597042075778,0,0,0,0,0,0,0,0,0,0,0,0.0048000000000000004,376.8597042075778,0.4714045207876282,45.60449147224426
414,3506.0500635532094,-3506.0500635532094,-3189.086500429673,318.0959951601206,0,0,0,0,0,0,0,0,0,0,0,0.007599999999999999,318.0959951601206,0.471404520787617,45.695865869522095
415,3506.0500635532094,-3506.0500635532094,-3148.4718691480703,377.59838442146406,0,0,0,0,0,0,0,0,0,0,0,0.008400000000000001,377.59838442146406,0.4714045207876093,45.81241035461426
416,3506.0500635532094,-3506.0500635532094,-3173.0923092413723,370.53996491038373,0,0,0,0,0,0,0,0,0,0,0,0.0076,370.53996491038373,0.4714045207876278,45.916892766952515
417,3506.0500635532094,-3506.0500635532094,-3188.0960872542755,292.6611906371634,0,0,0,0,0,0,0,0,0,0,0,0.005600000000000001,292.6611906371634,0.4714045207876226,46.01370811462402
418,3506.0500635532094,-3506.0500635532094,-3164.448907341621,286.9556588353313,0,0,0,0,0,0,0,0,0,0,0,0.0068000000000000005,286.9556588353313,0.4714045207876041,46.108930826187134
419,3506.0500635532094,-3506.0500635532094,-3178.422792806007,354.24618233019225,0,0,0,0,0,0,0,0,0,0,0,0.006400000000000001,354.24618233019225,0.47140452078760786,46.207303524017334
420,3506.0500635532094,-3506.0500635532094,-3173.262604816738,340.3146053972578,0,0,0,0,0,0,0,0,0,0,0,0.008,340.3146053972578,0.4714045207876122,46.311278104782104
421,3506.0500635532094,-3506.0500635532094,-3207.329520150559,305.57315845273104,0,0,0,0,0,0,0,0,0,0,0,0.008400000000000001,305.57315845273104,0.4714045207876179,46.41254544258118
422,3506.0500635532094,-3506.0500635532094,-3147.3379400607596,407.75799565317635,0,0,0,0,0,0,0,0,0,0,0,0.009600000000000003,407.75799565317635,0.4714045207876114,46.50768041610718
423,3506.0500635532094,-3506.0500635532094,-3214.030173388485,226.00143451909418,0,0,0,0,0,0,0,0,0,0,0,0.0088,226.00143451909418,0.4714045207876253,46.60041427612305
424,3506.0500635532094,-3506.0500635532094,-3242.6145239497196,241.28459033569135,0,0,0,0,0,0,0,0,0,0,0,0.013200000000000003,241.28459033569135,0.4714045207876088,46.70885992050171
425,3506.0500635532094,-3506.0500635532094,-3201.7752129059013,289.0361444555424,0,0,0,0,0,0,0,0,0,0,0,0.004,289.0361444555424,0.47140452078763045,46.80930233001709
426,3506.0500635532094,-3506.0500635532094,-3195.676789463943,323.03831077070237,0,0,0,0,0,0,0,0,0,0,0,0.0088,323.03831077070237,0.47140452078761863,46.915688276290894
427,3506.0500635532094,-3506.0500635532094,-3200.9560794169242,297.12601269921794,0,0,0,0,0,0,0,0,0,0,0,0.004,297.12601269921794,0.47140452078763084,47.0604681968689
428,3506.0500635532094,-3506.0500635532094,-3254.2734321391436,259.17791595909154,0,0,0,0,0,0,0,0,0,0,0,0.0068,259.17791595909154,0.4714045207876226,47.156001806259155
429,3506.0500635532094,-3506.0500635532094,-3212.7937323929855,356.0131130362499,0,0,0,0,0,0,0,0,0,0,0,0.0064,356.0131130362499,0.4714045207876205,47.25004005432129
430,3506.0500635532094,-3506.0500635532094,-3195.7970781652816,363.3229312064075,0,0,0,0,0,0,0,0,0,0,0,0.009600000000000001,363.3229312064075,0.4714045207876066,47.36341452598572
431,3506.0500635532094,-3506.0500635532094,-3159.051151765171,348.60698978516075,0,0,0,0,0,0,0,0,0,0,0,0.009200000000000002,348.60698978516075,0.4714045207875867,47.50843667984009
432,3506.0500635532094,-3506.0500635532094,-3226.5482414914945,270.48244377410987,0,0,0,0,0,0,0,0,0,0,0,0.0036,270.48244377410987,0.4714045207876278,47.607035875320435
433,3506.0500635532094,-3506.0500635532094,-3168.7397850245284,331.5693346983096,0,0,0,0,0,0,0,0,0,0,0,0.0104,331.5693346983096,0.4714045207876071,47.729185819625854
434,3506.0500635532094,-3506.0500635532094,-3254.835833939944,274.7666251680064,0,0,0,0,0,0,0,0,0,0,0,0.0088,274.7666251680064,0.4714045207876114,47.83393907546997
435,3506.0500635532094,-3506.0500635532094,-3130.9798633153887,454.91258321610945,0,0,0,0,0,0,0,0,0,0,0,0.012000000000000002,454.91258321610945,0.4714045207875937,47.940266132354736
436,3506.0500635532094,-3506.0500635532094,-3192.4827859933807,331.2446906721488,0,0,0,0,0,0,0,0,0,0,0,0.008400000000000001,331.2446906721488,0.4714045207875967,48.04028081893921
437,3506.0500635532094,-3506.0500635532094,-3248.564211371172,236.50979734614327,0,0,0,0,0,0,0,0,0,0,0,0.011200000000000002,236.50979734614327,0.47140452078758854,48.14333653450012
438,3506.0500635532094,-3506.0500635532094,-3232.2673613495836,333.0241643012475,0,0,0,0,0,0,0,0,0,0,0,0.014000000000000002,333.0241643012475,0.4714045207875862,48.25105810165405
439,3506.0500635532094,-3506.0500635532094,-3190.9804083203635,431.18289612786367,0,0,0,0,0,0,0,0,0,0,0,0.0092,431.18289612786367,0.4714045207875863,48.34613084793091
440,3506.0500635532094,-3506.0500635532094,-3183.026918608899,397.607441257202,0,0,0,0,0,0,0,0,0,0,0,0.0044,397.607441257202,0.47140452078763256,48.44159412384033
441,3506.0500635532094,-3506.0500635532094,-3222.822037921391,314.6301417112843,0,0,0,0,0,0,0,0,0,0,0,0.004,314.6301417112843,0.471404520787633,48.672064542770386
442,3506.0500635532094,-3506.0500635532094,-3189.6217030296893,340.8496873487608,0,0,0,0,0,0,0,0,0,0,0,0.008400000000000001,340.8496873487608,0.4714045207875985,48.7781298160553
443,3506.0500635532094,-3506.0500635532094,-3223.8944094510925,238.60046041899932,0,0,0,0,0,0,0,0,0,0,0,0.007600000000000001,238.60046041899932,0.4714045207876197,48.87485218048096
444,3506.0500635532094,-3506.0500635532094,-3178.5054490855673,363.597530501593,0,0,0,0,0,0,0,0,0,0,0,0.0088,363.597530501593,0.4714045207876097,48.9935781955719
445,3506.0500635532094,-3506.0500635532094,-3133.329463938868,459.9954078632326,0,0,0,0,0,0,0,0,0,0,0,0.0064,459.9954078632326,0.4714045207876149,49.09032726287842
446,3506.0500635532094,-3506.0500635532094,-3157.9531356408156,347.80912604995933,0,0,0,0,0,0,0,0,0,0,0,0.0036,347.80912604995933,0.4714045207876304,49.19795322418213
447,3506.0500635532094,-3506.0500635532094,-3198.3552150405785,360.251608983653,0,0,0,0,0,0,0,0,0,0,0,0.0064,360.251608983653,0.47140452078761697,49.30188536643982
448,3506.0500635532094,-3506.0500635532094,-3189.467605084331,332.79434421075337,0,0,0,0,0,0,0,0,0,0,0,0.0088,332.79434421075337,0.4714045207876227,49.403188943862915
449,3506.0500635532094,-3506.0500635532094,-3185.255713991555,393.27866733507784,0,0,0,0,0,0,0,0,0,0,0,0.0076,393.27866733507784,0.471404520787614,49.51163649559021
450,3506.0500635532094,-3506.0500635532094,-3231.3164283568867,248.68654267953383,0,0,0,0,0,0,0,0,0,0,0,0.0076,248.68654267953383,0.47140452078761147,49.6740882396698
451,3506.0500635532094,-3506.0500635532094,-3157.411590114579,312.40998290662293,0,0,0,0,0,0,0,0,0,0,0,0.009600000000000001,312.40998290662293,0.4714045207875825,49.7775673866272
452,3506.0500635532094,-3506.0500635532094,-3164.712864550298,325.00624253626904,0,0,0,0,0,0,0,0,0,0,0,0.013200000000000003,325.00624253626904,0.47140452078757306,49.89247226715088
453,3506.0500635532094,-3506.0500635532094,-3182.9442489545827,307.91303861852765,0,0,0,0,0,0,0,0,0,0,0,0.0104,307.91303861852765,0.47140452078760586,50.046189069747925
454,3506.0500635532094,-3506.0500635532094,-3170.03829779991,348.63505180703925,0,0,0,0,0,0,0,0,0,0,0,0.0108,348.63505180703925,0.4714045207875985,50.24167060852051
455,3506.0500635532094,-3506.0500635532094,-3156.414785430675,308.03711105868894,0,0,0,0,0,0,0,0,0,0,0,0.0088,308.03711105868894,0.4714045207876015,50.46764397621155
456,3506.0500635532094,-3506.0500635532094,-3187.515560020047,272.5485439726581,0,0,0,0,0,0,0,0,0,0,0,0.0068,272.5485439726581,0.4714045207876114,50.56629014015198
457,3506.0500635532094,-3506.0500635532094,-3164.7082730260295,397.21469791442183,0,0,0,0,0,0,0,0,0,0,0,0.008400000000000001,397.21469791442183,0.471404520787616,50.66370368003845
458,3506.0500635532094,-3506.0500635532094,-3191.380889790124,293.0286901820731,0,0,0,0,0,0,0,0,0,0,0,0.0136,293.0286901820731,0.47140452078760026,50.78042125701904
459,3506.0500635532094,-3506.0500635532094,-3212.1113605896735,253.98054749307465,0,0,0,0,0,0,0,0,0,0,0,0.0052,253.98054749307465,0.4714045207876257,50.884441614151
460,3506.0500635532094,-3506.0500635532094,-3165.6111571128627,350.2920903456163,0,0,0,0,0,0,0,0,0,0,0,0.0076,350.2920903456163,0.471404520787601,51.00039267539978
461,3506.0500635532094,-3506.0500635532094,-3184.7602923821632,399.2969332759567,0,0,0,0,0,0,0,0,0,0,0,0.011600000000000001,399.2969332759567,0.4714045207875923,51.106513023376465
462,3506.0500635532094,-3506.0500635532094,-3208.8770790917683,307.28255506096605,0,0,0,0,0,0,0,0,0,0,0,0.013600000000000003,307.28255506096605,0.4714045207875911,51.20218300819397
463,3506.0500635532094,-3506.0500635532094,-3209.101157103545,310.2704327673672,0,0,0,0,0,0,0,0,0,0,0,0.0104,310.2704327673672,0.4714045207876071,51.293461561203
464,3506.0500635532094,-3506.0500635532094,-3174.291578268761,319.3973747702675,0,0,0,0,0,0,0,0,0,0,0,0.011200000000000002,319.3973747702675,0.4714045207875804,51.40167236328125
465,3506.0500635532094,-3506.0500635532094,-3143.609287971334,403.0815811204758,0,0,0,0,0,0,0,0,0,0,0,0.013200000000000003,403.0815811204758,0.4714045207875894,51.49294185638428
466,3506.0500635532094,-3506.0500635532094,-3166.579420706243,277.5829032530861,0,0,0,0,0,0,0,0,0,0,0,0.0068000000000000005,277.5829032530861,0.47140452078759487,51.59677243232727
467,3506.0500635532094,-3506.0500635532094,-3165.5813103480805,312.853912258045,0,0,0,0,0,0,0,0,0,0,0,0.0088,312.853912258045,0.47140452078761014,51.6863911151886
468,3506.0500635532094,-3506.0500635532094,-3183.2316290271156,275.03359322998523,0,0,0,0,0,0,0,0,0,0,0,0.013600000000000001,275.03359322998523,0.4714045207875912,51.77953243255615
469,3506.0500635532094,-3506.0500635532094,-3161.2227314571246,322.4192022140916,0,0,0,0,0,0,0,0,0,0,0,0.005600000000000001,322.4192022140916,0.47140452078760664,51.881001234054565
470,3506.0500635532094,-3506.0500635532094,-3133.400799308268,363.06779158443146,0,0,0,0,0,0,0,0,0,0,0,0.0092,363.06779158443146,0.47140452078762046,51.976958990097046
471,3506.0500635532094,-3506.0500635532094,-3137.511375569489,297.5849233283211,0,0,0,0,0,0,0,0,0,0,0,0.0064,297.5849233283211,0.47140452078761486,52.06884980201721
472,3506.0500635532094,-3506.0500635532094,-3130.007338833293,279.2492864146044,0,0,0,0,0,0,0,0,0,0,0,0.0108,279.2492864146044,0.47140452078760453,52.16923260688782
473,3506.0500635532094,-3506.0500635532094,-3148.262895881583,286.93766469129747,0,0,0,0,0,0,0,0,0,0,0,0.0108,286.93766469129747,0.4714045207875989,52.26465916633606
474,3506.0500635532094,-3506.0500635532094,-3131.654791411757,329.8550749929154,0,0,0,0,0,0,0,0,0,0,0,0.0104,329.8550749929154,0.4714045207876045,52.35936784744263
475,3506.0500635532094,-3506.0500635532094,-3147.7331247126613,437.04232495730946,0,0,0,0,0,0,0,0,0,0,0,0.0108,437.04232495730946,0.4714045207876015,52.46447515487671
476,3506.0500635532094,-3506.0500635532094,-3216.212339948162,261.0201816416521,0,0,0,0,0,0,0,0,0,0,0,0.006000000000000001,261.0201816416521,0.47140452078762307,52.56609106063843
477,3506.0500635532094,-3506.0500635532094,-3192.483336771156,320.5560536287882,0,0,0,0,0,0,0,0,0,0,0,0.006400000000000001,320.5560536287882,0.47140452078762257,52.667794942855835
478,3506.0500635532094,-3506.0500635532094,-3210.4212600615074,256.59646678156946,0,0,0,0,0,0,0,0,0,0,0,0.0072,256.59646678156946,0.4714045207876144,52.78007674217224
479,3506.0500635532094,-3506.0500635532094,-3151.1883423784457,383.8521149077364,0,0,0,0,0,0,0,0,0,0,0,0.0064,383.8521149077364,0.47140452078761014,52.8884391784668
480,3506.0500635532094,-3506.0500635532094,-3087.522933886904,416.4917869135907,0,0,0,0,0,0,0,0,0,0,0,0.009999999999999998,416.4917869135907,0.4714045207875941,53.00642395019531
481,3506.0500635532094,-3506.0500635532094,-3134.92204255854,270.47089841454954,0,0,0,0,0,0,0,0,0,0,0,0.0044,270.47089841454954,0.47140452078763084,53.121986865997314
482,3506.0500635532094,-3506.0500635532094,-3193.0309960231457,270.33731173375793,0,0,0,0,0,0,0,0,0,0,0,0.005600000000000001,270.33731173375793,0.4714045207876278,53.23634624481201
483,3506.0500635532094,-3506.0500635532094,-3197.1846042174543,287.33433649616967,0,0,0,0,0,0,0,0,0,0,0,0.0064,287.33433649616967,0.4714045207876097,53.36180782318115
484,3506.0500635532094,-3506.0500635532094,-3200.101364764574,261.98101686458796,0,0,0,0,0,0,0,0,0,0,0,0.008,261.98101686458796,0.4714045207876071,53.464529514312744
485,3506.0500635532094,-3506.0500635532094,-3163.3525876885797,281.2357597916486,0,0,0,0,0,0,0,0,0,0,0,0.0096,281.2357597916486,0.4714045207876127,53.57947826385498
486,3506.0500635532094,-3506.0500635532094,-3144.875188613767,357.7734201052734,0,0,0,0,0,0,0,0,0,0,0,0.011200000000000002,357.7734201052734,0.4714045207875959,53.67774510383606
487,3506.0500635532094,-3506.0500635532094,-3153.0250179633545,384.23664996510195,0,0,0,0,0,0,0,0,0,0,0,0.014400000000000001,384.23664996510195,0.4714045207875782,53.778982639312744
488,3506.0500635532094,-3506.0500635532094,-3161.017635606352,329.67352054385225,0,0,0,0,0,0,0,0,0,0,0,0.0152,329.67352054385225,0.47140452078758516,53.893139362335205
489,3506.0500635532094,-3506.0500635532094,-3149.146176954021,344.6111623054533,0,0,0,0,0,0,0,0,0,0,0,0.0108,344.6111623054533,0.4714045207875885,54.08305549621582
490,3506.0500635532094,-3506.0500635532094,-3228.293480691321,254.62172508110402,0,0,0,0,0,0,0,0,0,0,0,0.0096,254.62172508110402,0.47140452078760586,54.19726490974426
491,3506.0500635532094,-3506.0500635532094,-3159.9529559380667,325.7465661178899,0,0,0,0,0,0,0,0,0,0,0,0.010000000000000002,325.7465661178899,0.4714045207875899,54.31017231941223
492,3506.0500635532094,-3506.0500635532094,-3186.9279028389014,290.1987634379812,0,0,0,0,0,0,0,0,0,0,0,0.012400000000000001,290.1987634379812,0.4714045207875967,54.52337908744812
493,3506.0500635532094,-3506.0500635532094,-3100.970715923924,346.6080625221455,0,0,0,0,0,0,0,0,0,0,0,0.006000000000000001,346.6080625221455,0.47140452078759715,54.62701463699341
494,3506.0500635532094,-3506.0500635532094,-3138.07910365193,379.80428792405985,0,0,0,0,0,0,0,0,0,0,0,0.008,379.80428792405985,0.4714045207876356,54.724552631378174
495,3506.0500635532094,-3506.0500635532094,-3192.7409856680683,304.6399961656068,0,0,0,0,0,0,0,0,0,0,0,0.009600000000000001,304.6399961656068,0.4714045207876122,54.82438015937805
496,3506.0500635532094,-3506.0500635532094,-3174.80463842365,360.34788716467455,0,0,0,0,0,0,0,0,0,0,0,0.012400000000000001,360.34788716467455,0.4714045207876058,54.98565196990967
497,3506.0500635532094,-3506.0500635532094,-3234.5584118728148,258.55495070062454,0,0,0,0,0,0,0,0,0,0,0,0.0072,258.55495070062454,0.4714045207876257,55.11275267601013
498,3506.0500635532094,-3506.0500635532094,-3170.0127304529847,392.95158084633016,0,0,0,0,0,0,0,0,0,0,0,0.0068000000000000005,392.95158084633016,0.47140452078763045,55.22322964668274
499,3506.0500635532094,-3506.0500635532094,-3101.9988672747318,457.07555226017513,0,0,0,0,0,0,0,0,0,0,0,0.007200000000000001,457.07555226017513,0.4714045207876097,55.32078456878662
500,3506.0500635532094,-3506.0500635532094,-3177.80771246312,328.13426342163984,0,0,0,0,0,0,0,0,0,0,0,0.0076,328.13426342163984,0.4714045207876071,55.447415351867676
